인덱스,차종,출발지주소,도착지주소,출발지연락처,도착지연락처,출발시간,탁송금액,특이사항,비고
26_1,소나타,서울시 337번지 인근,목적지 496번지 인근,010-5396-1942,010-5503-3097,2026-01-07 16:30,70000,차량 내부 청결 유지,완료
26_2,그랜저,서울시 374번지 인근,목적지 495번지 인근,010-7597-4679,010-1814-5559,2026-01-06 12:10,140000,차량 내부 청결 유지,예약
26_3,봉고1톤오토,서울시 161번지 인근,목적지 298번지 인근,010-5197-8940,010-7567-1310,2026-01-07 19:10,120000,정시 도착 요망,예약
26_4,코란도스포츠,서울시 426번지 인근,목적지 88번지 인근,010-1155-7652,010-1274-7813,2026-01-06 13:30,100000,정시 도착 요망,예약
26_5,제네시스g80,서울시 431번지 인근,목적지 427번지 인근,010-3743-2579,010-5668-3720,2026-01-07 07:45,160000,차량 내부 청결 유지,완료
26_6,제네시스g90,서울시 349번지 인근,목적지 256번지 인근,010-5432-2096,010-2700-6872,2026-01-06 21:00,250000,정시 도착 요망,운행중
26_7,sm5,서울시 426번지 인근,목적지 335번지 인근,010-8592-1552,010-7334-1633,2026-01-08 01:10,60000,없음,예약
26_8,모닝,서울시 28번지 인근,목적지 432번지 인근,010-5501-6458,010-8819-9590,2026-01-08 00:30,210000,급송 요청,대기
26_9,에쿠스,서울시 345번지 인근,목적지 337번지 인근,010-6110-3517,010-3266-4996,2026-01-06 19:10,160000,없음,예약
26_10,벤츠250,서울시 493번지 인근,목적지 452번지 인근,010-4249-5569,010-3718-6292,2026-01-08 00:10,170000,차량 내부 청결 유지,운행중
26_11,벤츠500,서울시 70번지 인근,목적지 339번지 인근,010-8368-6203,010-3886-7142,2026-01-08 09:30,200000,야간 할증 적용,예약
26_12,아우디,서울시 341번지 인근,목적지 323번지 인근,010-8401-2360,010-7180-2424,2026-01-07 23:45,160000,급송 요청,대기
26_13,BMW,서울시 260번지 인근,목적지 162번지 인근,010-2048-1508,010-5661-8418,2026-01-08 06:10,130000,정시 도착 요망,대기
26_14,EV6,서울시 228번지 인근,목적지 138번지 인근,010-6367-9402,010-6220-5481,2026-01-07 23:45,110000,정시 도착 요망,완료
26_15,코나EV,서울시 382번지 인근,목적지 253번지 인근,010-2141-9546,010-9222-6071,2026-01-08 07:00,140000,정시 도착 요망,예약
26_16,1톤화물EV,서울시 199번지 인근,목적지 147번지 인근,010-1842-8586,010-5083-4040,2026-01-07 06:10,190000,차량 내부 청결 유지,운행중
26_17,모델S,서울시 119번지 인근,목적지 457번지 인근,010-1991-3477,010-9375-9378,2026-01-08 04:30,110000,야간 할증 적용,대기
26_18,모델Y,서울시 399번지 인근,목적지 242번지 인근,010-1684-5948,010-2325-5404,2026-01-06 11:30,90000,없음,예약
26_19,모델X,서울시 268번지 인근,목적지 312번지 인근,010-9600-7422,010-7834-5290,2026-01-07 07:30,80000,차량 내부 청결 유지,운행중
26_20,클릭,서울시 291번지 인근,목적지 449번지 인근,010-2932-1971,010-7085-3628,2026-01-07 06:30,90000,없음,대기
26_21,베르나,서울시 86번지 인근,목적지 228번지 인근,010-9560-2713,010-1761-7904,2026-01-06 21:30,210000,없음,대기
26_22,아반떼,서울시 299번지 인근,목적지 414번지 인근,010-6147-1742,010-9537-5321,2026-01-06 18:00,150000,차량 내부 청결 유지,운행중
26_23,제네시스쿠페,서울시 28번지 인근,목적지 168번지 인근,010-7160-8863,010-4234-9611,2026-01-08 04:10,60000,차량 내부 청결 유지,완료
26_24,투스카니,서울시 484번지 인근,목적지 17번지 인근,010-2044-8344,010-3407-8464,2026-01-07 13:30,60000,야간 할증 적용,예약
26_25,라비타,서울시 303번지 인근,목적지 275번지 인근,010-3982-1195,010-3382-1149,2026-01-08 01:45,130000,차량 내부 청결 유지,대기
26_26,트라제XG,서울시 284번지 인근,목적지 460번지 인근,010-4267-8129,010-2400-7206,2026-01-08 02:30,180000,급송 요청,완료
26_27,투싼,서울시 480번지 인근,목적지 280번지 인근,010-2448-9238,010-5180-1238,2026-01-07 21:30,230000,차량 내부 청결 유지,대기
26_28,아이오닉5,서울시 237번지 인근,목적지 457번지 인근,010-8753-5693,010-2058-2113,2026-01-06 20:45,140000,야간 할증 적용,운행중
26_29,싼타페,서울시 410번지 인근,목적지 395번지 인근,010-6107-3266,010-5764-5102,2026-01-06 16:00,250000,정시 도착 요망,완료
26_30,넥쏘,서울시 459번지 인근,목적지 46번지 인근,010-7690-1672,010-3472-6033,2026-01-07 00:10,130000,급송 요청,예약
26_31,페리세이드,서울시 337번지 인근,목적지 303번지 인근,010-1932-6097,010-9864-8687,2026-01-06 15:10,160000,비대면 전달,대기
26_32,아이오닉6,서울시 45번지 인근,목적지 312번지 인근,010-9609-8658,010-7683-3503,2026-01-07 22:10,50000,없음,운행중
26_33,캐스퍼,서울시 90번지 인근,목적지 232번지 인근,010-2106-4526,010-5468-8126,2026-01-07 05:00,70000,급송 요청,예약
26_34,스타리아,서울시 481번지 인근,목적지 331번지 인근,010-4513-4458,010-6782-6180,2026-01-08 01:00,150000,차량 내부 청결 유지,대기
26_35,포터2,서울시 48번지 인근,목적지 40번지 인근,010-9342-9772,010-6132-4380,2026-01-06 20:30,70000,정시 도착 요망,완료
26_36,쏠라티,서울시 67번지 인근,목적지 69번지 인근,010-5240-7981,010-4598-3392,2026-01-06 19:10,70000,차량 내부 청결 유지,대기
26_37,마이티,서울시 336번지 인근,목적지 263번지 인근,010-6894-7473,010-5835-5202,2026-01-07 16:30,160000,차량 내부 청결 유지,완료
26_38,카운티,서울시 193번지 인근,목적지 212번지 인근,010-7476-1172,010-3727-1397,2026-01-06 17:30,230000,정시 도착 요망,예약
26_39,큐브,서울시 500번지 인근,목적지 226번지 인근,010-6508-6757,010-2985-1874,2026-01-06 13:45,50000,정시 도착 요망,대기
26_40,피아트,서울시 484번지 인근,목적지 314번지 인근,010-6894-5443,010-6035-7608,2026-01-07 04:45,90000,야간 할증 적용,완료
26_41,폴로,서울시 59번지 인근,목적지 383번지 인근,010-6660-1705,010-2900-8721,2026-01-07 01:45,110000,비대면 전달,운행중
26_42,푸조,서울시 67번지 인근,목적지 257번지 인근,010-2433-4865,010-5988-8891,2026-01-06 15:30,180000,급송 요청,대기
26_43,쥬크,서울시 457번지 인근,목적지 475번지 인근,010-9076-7053,010-7674-6995,2026-01-06 18:45,130000,급송 요청,완료
26_44,시빅,서울시 314번지 인근,목적지 425번지 인근,010-6464-9570,010-4324-3157,2026-01-06 11:10,220000,없음,운행중
26_45,포커스,서울시 120번지 인근,목적지 50번지 인근,010-1767-2619,010-1374-8538,2026-01-07 17:45,250000,비대면 전달,예약
26_46,골프,서울시 157번지 인근,목적지 471번지 인근,010-2441-5065,010-1656-5782,2026-01-06 14:30,110000,야간 할증 적용,예약
26_47,로그,서울시 214번지 인근,목적지 61번지 인근,010-1317-9346,010-9976-9366,2026-01-06 12:10,70000,급송 요청,완료
26_48,프리우스,서울시 25번지 인근,목적지 362번지 인근,010-7219-3152,010-3834-4264,2026-01-08 07:10,120000,비대면 전달,대기
26_49,티볼리,서울시 221번지 인근,목적지 321번지 인근,010-4414-8147,010-8696-4027,2026-01-07 04:30,180000,정시 도착 요망,완료
26_50,트랙스,서울시 284번지 인근,목적지 176번지 인근,010-5714-1161,010-1213-2495,2026-01-06 12:30,180000,야간 할증 적용,운행중
26_51,스토닉,서울시 314번지 인근,목적지 44번지 인근,010-3933-3257,010-7637-9119,2026-01-07 21:00,80000,차량 내부 청결 유지,완료
26_52,베뉴,서울시 189번지 인근,목적지 15번지 인근,010-2500-2134,010-5450-2144,2026-01-08 08:00,230000,야간 할증 적용,대기
26_53,GV60,서울시 374번지 인근,목적지 257번지 인근,010-2297-5700,010-3699-9717,2026-01-07 04:00,120000,차량 내부 청결 유지,운행중
26_54,GV70,서울시 236번지 인근,목적지 192번지 인근,010-7473-3909,010-6398-4443,2026-01-06 12:10,50000,비대면 전달,운행중
26_55,GV80,서울시 99번지 인근,목적지 466번지 인근,010-5926-4026,010-6226-2820,2026-01-07 09:00,80000,비대면 전달,완료
26_56,소나타,서울시 320번지 인근,목적지 57번지 인근,010-7243-9575,010-1298-1888,2026-01-08 06:10,240000,정시 도착 요망,예약
26_57,그랜저,서울시 281번지 인근,목적지 429번지 인근,010-4689-4004,010-3878-8381,2026-01-07 15:10,120000,비대면 전달,대기
26_58,봉고2톤오토,서울시 260번지 인근,목적지 480번지 인근,010-8075-3465,010-8589-3240,2026-01-08 05:45,200000,정시 도착 요망,운행중
26_59,코란도스포츠,서울시 487번지 인근,목적지 93번지 인근,010-2209-5742,010-1086-2303,2026-01-07 01:10,240000,차량 내부 청결 유지,예약
26_60,제네시스g100,서울시 267번지 인근,목적지 475번지 인근,010-3233-8852,010-4148-1076,2026-01-07 08:00,240000,정시 도착 요망,대기
26_61,제네시스g110,서울시 162번지 인근,목적지 18번지 인근,010-1251-7113,010-7940-2546,2026-01-06 21:30,100000,없음,대기
26_62,sm6,서울시 68번지 인근,목적지 389번지 인근,010-3799-4284,010-3756-4741,2026-01-07 05:10,90000,없음,운행중
26_63,모닝,서울시 321번지 인근,목적지 170번지 인근,010-1470-3494,010-6554-5015,2026-01-08 03:45,170000,야간 할증 적용,운행중
26_64,에쿠스,서울시 129번지 인근,목적지 482번지 인근,010-7047-6539,010-1082-4224,2026-01-07 12:00,250000,정시 도착 요망,완료
26_65,벤츠750,서울시 102번지 인근,목적지 441번지 인근,010-4367-5282,010-5854-9878,2026-01-06 09:10,60000,야간 할증 적용,대기
26_66,벤츠1000,서울시 101번지 인근,목적지 241번지 인근,010-9111-3570,010-8232-3480,2026-01-07 22:45,140000,야간 할증 적용,완료
26_67,아우디,서울시 422번지 인근,목적지 113번지 인근,010-4275-3374,010-1537-3254,2026-01-07 02:10,230000,급송 요청,예약
26_68,BMW,서울시 147번지 인근,목적지 465번지 인근,010-7744-7567,010-2139-2098,2026-01-06 17:10,110000,비대면 전달,예약
26_69,EV7,서울시 139번지 인근,목적지 170번지 인근,010-7640-4011,010-6326-7536,2026-01-07 14:00,230000,비대면 전달,대기
26_70,코나EV,서울시 49번지 인근,목적지 119번지 인근,010-2899-9895,010-2509-6010,2026-01-08 00:10,140000,없음,완료
26_71,2톤화물EV,서울시 165번지 인근,목적지 72번지 인근,010-1881-7465,010-6006-3506,2026-01-08 05:30,170000,급송 요청,완료
26_72,모델S,서울시 168번지 인근,목적지 315번지 인근,010-7682-4256,010-8688-4340,2026-01-08 04:10,110000,급송 요청,완료
26_73,모델Y,서울시 26번지 인근,목적지 81번지 인근,010-8280-9752,010-9814-7611,2026-01-08 03:45,210000,야간 할증 적용,예약
26_74,모델X,서울시 385번지 인근,목적지 24번지 인근,010-9670-3375,010-7270-5817,2026-01-06 11:10,50000,야간 할증 적용,대기
26_75,클릭,서울시 425번지 인근,목적지 60번지 인근,010-6735-4557,010-3810-3388,2026-01-07 10:45,240000,정시 도착 요망,운행중
26_76,베르나,서울시 407번지 인근,목적지 46번지 인근,010-2583-4456,010-2457-8235,2026-01-07 22:10,100000,비대면 전달,완료
26_77,아반떼,서울시 219번지 인근,목적지 235번지 인근,010-2379-7653,010-5565-8952,2026-01-06 14:30,190000,정시 도착 요망,예약
26_78,제네시스쿠페,서울시 377번지 인근,목적지 20번지 인근,010-7016-6049,010-2317-3441,2026-01-08 08:30,170000,급송 요청,대기
26_79,투스카니,서울시 199번지 인근,목적지 370번지 인근,010-6196-9681,010-7627-4675,2026-01-08 04:00,160000,야간 할증 적용,운행중
26_80,라비타,서울시 450번지 인근,목적지 58번지 인근,010-9568-7268,010-4117-6387,2026-01-06 17:45,170000,야간 할증 적용,예약
26_81,트라제XG,서울시 199번지 인근,목적지 253번지 인근,010-4647-8146,010-2287-3989,2026-01-08 09:00,150000,야간 할증 적용,완료
26_82,투싼,서울시 179번지 인근,목적지 68번지 인근,010-2533-5998,010-3587-4918,2026-01-06 22:45,120000,급송 요청,대기
26_83,아이오닉6,서울시 66번지 인근,목적지 375번지 인근,010-1699-4268,010-1450-3114,2026-01-07 06:30,130000,정시 도착 요망,완료
26_84,싼타페,서울시 22번지 인근,목적지 297번지 인근,010-5920-3911,010-9533-8840,2026-01-08 01:45,70000,급송 요청,운행중
26_85,넥쏘,서울시 462번지 인근,목적지 30번지 인근,010-5197-9605,010-5889-3635,2026-01-07 04:00,80000,급송 요청,운행중
26_86,페리세이드,서울시 486번지 인근,목적지 376번지 인근,010-7685-3445,010-3255-7758,2026-01-06 19:00,80000,야간 할증 적용,대기
26_87,아이오닉7,서울시 323번지 인근,목적지 199번지 인근,010-9974-2015,010-8311-7152,2026-01-08 07:45,130000,비대면 전달,운행중
26_88,캐스퍼,서울시 427번지 인근,목적지 244번지 인근,010-2629-6246,010-5364-8812,2026-01-06 11:10,190000,급송 요청,예약
26_89,스타리아,서울시 83번지 인근,목적지 373번지 인근,010-4136-3879,010-1890-7012,2026-01-08 06:00,180000,정시 도착 요망,예약
26_90,포터3,서울시 459번지 인근,목적지 31번지 인근,010-2697-8848,010-7443-8510,2026-01-07 23:10,130000,급송 요청,완료
26_91,쏠라티,서울시 398번지 인근,목적지 484번지 인근,010-5663-7546,010-7090-1337,2026-01-07 17:45,60000,정시 도착 요망,대기
26_92,마이티,서울시 95번지 인근,목적지 350번지 인근,010-9285-6396,010-8939-4152,2026-01-07 23:00,180000,차량 내부 청결 유지,운행중
26_93,카운티,서울시 37번지 인근,목적지 99번지 인근,010-2672-6186,010-2527-8607,2026-01-07 10:00,140000,정시 도착 요망,완료
26_94,큐브,서울시 215번지 인근,목적지 95번지 인근,010-4706-7700,010-9534-7195,2026-01-08 07:00,90000,야간 할증 적용,완료
26_95,피아트,서울시 117번지 인근,목적지 69번지 인근,010-3752-8145,010-8140-9739,2026-01-08 03:10,110000,차량 내부 청결 유지,대기
26_96,폴로,서울시 211번지 인근,목적지 364번지 인근,010-3537-8006,010-7318-9486,2026-01-07 00:30,70000,없음,대기
26_97,푸조,서울시 160번지 인근,목적지 164번지 인근,010-6434-2403,010-3967-9908,2026-01-08 06:00,150000,차량 내부 청결 유지,완료
26_98,쥬크,서울시 97번지 인근,목적지 72번지 인근,010-7993-9688,010-5600-4169,2026-01-07 02:10,100000,야간 할증 적용,운행중
26_99,시빅,서울시 299번지 인근,목적지 423번지 인근,010-8073-4177,010-4971-2216,2026-01-06 14:30,160000,정시 도착 요망,대기
26_100,포커스,서울시 330번지 인근,목적지 253번지 인근,010-4429-6841,010-4675-8147,2026-01-07 16:10,80000,급송 요청,운행중
26_101,골프,경기 85번지 인근,목적지 470번지 인근,010-2967-7085,010-2733-4010,2026-01-07 05:45,130000,정시 도착 요망,대기
26_102,로그,경기 446번지 인근,목적지 181번지 인근,010-9220-9468,010-8543-5937,2026-01-07 23:00,160000,급송 요청,완료
26_103,프리우스,경기 443번지 인근,목적지 248번지 인근,010-3086-5024,010-6676-5447,2026-01-07 08:00,60000,없음,예약
26_104,티볼리,경기 208번지 인근,목적지 333번지 인근,010-9791-1648,010-1698-4531,2026-01-08 09:45,250000,없음,운행중
26_105,트랙스,경기 109번지 인근,목적지 426번지 인근,010-5692-2414,010-8888-8694,2026-01-06 20:10,200000,급송 요청,예약
26_106,스토닉,경기 49번지 인근,목적지 298번지 인근,010-4420-5041,010-8357-2303,2026-01-07 13:30,250000,야간 할증 적용,대기
26_107,베뉴,경기 226번지 인근,목적지 62번지 인근,010-8492-1618,010-4353-5511,2026-01-06 14:30,190000,비대면 전달,예약
26_108,GV90,경기 216번지 인근,목적지 303번지 인근,010-4521-3969,010-3649-2502,2026-01-06 15:45,130000,야간 할증 적용,완료
26_109,GV100,경기 405번지 인근,목적지 176번지 인근,010-1759-6288,010-2633-6676,2026-01-06 13:10,50000,야간 할증 적용,대기
26_110,GV110,경기 135번지 인근,목적지 339번지 인근,010-4323-4168,010-8667-2970,2026-01-07 01:00,110000,정시 도착 요망,완료
26_111,소나타,경기 496번지 인근,목적지 332번지 인근,010-2805-5311,010-1648-9306,2026-01-07 14:10,130000,야간 할증 적용,운행중
26_112,그랜저,경기 302번지 인근,목적지 317번지 인근,010-3924-3549,010-8068-9616,2026-01-07 19:10,130000,야간 할증 적용,운행중
26_113,봉고3톤오토,경기 1번지 인근,목적지 188번지 인근,010-2392-2084,010-9991-9604,2026-01-07 03:10,100000,비대면 전달,대기
26_114,코란도스포츠,경기 45번지 인근,목적지 116번지 인근,010-6335-7308,010-8657-2044,2026-01-06 15:10,130000,비대면 전달,운행중
26_115,제네시스g120,경기 177번지 인근,목적지 83번지 인근,010-1634-7069,010-4011-4076,2026-01-08 09:10,150000,정시 도착 요망,예약
26_116,제네시스g130,경기 221번지 인근,목적지 157번지 인근,010-4498-1329,010-6303-9947,2026-01-08 02:45,150000,야간 할증 적용,운행중
26_117,sm7,경기 326번지 인근,목적지 113번지 인근,010-5613-2457,010-4224-7693,2026-01-06 09:00,230000,정시 도착 요망,대기
26_118,모닝,경기 375번지 인근,목적지 257번지 인근,010-9243-5356,010-2625-6759,2026-01-06 12:30,140000,비대면 전달,예약
26_119,에쿠스,경기 384번지 인근,목적지 444번지 인근,010-5521-2011,010-9706-6930,2026-01-07 23:30,240000,급송 요청,예약
26_120,벤츠1250,경기 363번지 인근,목적지 307번지 인근,010-4263-6729,010-2197-4735,2026-01-06 15:00,120000,차량 내부 청결 유지,예약
26_121,벤츠1500,경기 375번지 인근,목적지 327번지 인근,010-1477-4144,010-5414-1561,2026-01-07 10:30,170000,차량 내부 청결 유지,예약
26_122,아우디,경기 155번지 인근,목적지 406번지 인근,010-8641-7524,010-5108-1083,2026-01-07 01:45,60000,비대면 전달,대기
26_123,BMW,경기 269번지 인근,목적지 294번지 인근,010-5717-2405,010-3965-1596,2026-01-06 12:00,220000,비대면 전달,완료
26_124,EV8,경기 180번지 인근,목적지 492번지 인근,010-5212-7079,010-7085-4308,2026-01-07 18:00,130000,차량 내부 청결 유지,운행중
26_125,코나EV,경기 292번지 인근,목적지 271번지 인근,010-4552-9032,010-4834-6088,2026-01-07 04:00,210000,정시 도착 요망,예약
26_126,3톤화물EV,경기 32번지 인근,목적지 435번지 인근,010-2917-1704,010-6587-7245,2026-01-07 22:00,160000,비대면 전달,예약
26_127,모델S,경기 287번지 인근,목적지 233번지 인근,010-4500-1856,010-8592-5964,2026-01-08 00:30,80000,없음,운행중
26_128,모델Y,경기 326번지 인근,목적지 57번지 인근,010-4728-6362,010-6886-6299,2026-01-06 20:45,250000,차량 내부 청결 유지,대기
26_129,모델X,경기 448번지 인근,목적지 246번지 인근,010-2620-4324,010-3962-6096,2026-01-07 20:30,100000,정시 도착 요망,예약
26_130,클릭,경기 13번지 인근,목적지 464번지 인근,010-9806-7597,010-4685-7558,2026-01-06 13:30,80000,차량 내부 청결 유지,운행중
26_131,베르나,경기 4번지 인근,목적지 288번지 인근,010-9199-5118,010-9982-6153,2026-01-07 18:00,100000,야간 할증 적용,운행중
26_132,아반떼,경기 69번지 인근,목적지 288번지 인근,010-1887-1240,010-7265-8500,2026-01-07 02:30,220000,비대면 전달,운행중
26_133,제네시스쿠페,경기 172번지 인근,목적지 334번지 인근,010-3682-8803,010-7944-8453,2026-01-07 16:30,220000,없음,완료
26_134,투스카니,경기 158번지 인근,목적지 105번지 인근,010-6853-4789,010-1947-5113,2026-01-07 23:10,200000,비대면 전달,예약
26_135,라비타,경기 338번지 인근,목적지 183번지 인근,010-6889-8558,010-7738-6821,2026-01-07 15:00,200000,정시 도착 요망,운행중
26_136,트라제XG,경기 198번지 인근,목적지 91번지 인근,010-6744-7012,010-8299-7435,2026-01-06 22:30,170000,비대면 전달,완료
26_137,투싼,경기 132번지 인근,목적지 290번지 인근,010-1193-6348,010-3936-3557,2026-01-07 15:10,190000,비대면 전달,대기
26_138,아이오닉7,경기 454번지 인근,목적지 188번지 인근,010-2552-3470,010-9760-6764,2026-01-07 13:10,190000,정시 도착 요망,완료
26_139,싼타페,경기 315번지 인근,목적지 10번지 인근,010-9530-5309,010-7795-9193,2026-01-06 20:45,60000,야간 할증 적용,예약
26_140,넥쏘,경기 494번지 인근,목적지 218번지 인근,010-9998-3115,010-7452-5918,2026-01-08 04:10,70000,차량 내부 청결 유지,완료
26_141,페리세이드,경기 481번지 인근,목적지 69번지 인근,010-2978-7560,010-9114-5163,2026-01-08 01:10,190000,급송 요청,운행중
26_142,아이오닉8,경기 177번지 인근,목적지 452번지 인근,010-3579-4077,010-4817-3784,2026-01-07 11:00,240000,야간 할증 적용,운행중
26_143,캐스퍼,경기 400번지 인근,목적지 62번지 인근,010-8039-9248,010-2828-2249,2026-01-06 18:30,100000,야간 할증 적용,예약
26_144,스타리아,경기 362번지 인근,목적지 479번지 인근,010-8109-9902,010-9000-4791,2026-01-08 02:00,60000,정시 도착 요망,대기
26_145,포터4,경기 115번지 인근,목적지 112번지 인근,010-5018-2857,010-7584-7030,2026-01-07 19:00,240000,없음,대기
26_146,쏠라티,경기 198번지 인근,목적지 339번지 인근,010-3129-9904,010-8703-7184,2026-01-06 23:30,210000,차량 내부 청결 유지,대기
26_147,마이티,경기 355번지 인근,목적지 159번지 인근,010-6489-7200,010-7182-6032,2026-01-08 04:30,220000,급송 요청,예약
26_148,카운티,경기 328번지 인근,목적지 255번지 인근,010-1181-1654,010-7664-3280,2026-01-07 18:00,80000,비대면 전달,예약
26_149,큐브,경기 258번지 인근,목적지 82번지 인근,010-9398-7472,010-1244-3219,2026-01-07 17:00,160000,차량 내부 청결 유지,예약
26_150,피아트,경기 213번지 인근,목적지 45번지 인근,010-9361-6219,010-5999-1574,2026-01-07 23:45,80000,차량 내부 청결 유지,예약
26_151,폴로,경기 228번지 인근,목적지 78번지 인근,010-7390-5156,010-4647-8938,2026-01-07 06:45,200000,차량 내부 청결 유지,예약
26_152,푸조,경기 344번지 인근,목적지 421번지 인근,010-2799-7856,010-4269-6195,2026-01-07 11:30,240000,야간 할증 적용,완료
26_153,쥬크,경기 420번지 인근,목적지 185번지 인근,010-3701-1402,010-2001-7268,2026-01-06 16:00,120000,야간 할증 적용,운행중
26_154,시빅,경기 456번지 인근,목적지 262번지 인근,010-1049-5870,010-3591-6521,2026-01-08 09:00,150000,정시 도착 요망,예약
26_155,포커스,경기 132번지 인근,목적지 257번지 인근,010-7660-6534,010-7597-2386,2026-01-06 21:30,220000,급송 요청,완료
26_156,골프,경기 174번지 인근,목적지 492번지 인근,010-8040-7329,010-9194-7710,2026-01-08 04:30,210000,차량 내부 청결 유지,완료
26_157,로그,경기 202번지 인근,목적지 303번지 인근,010-9626-8372,010-6059-8629,2026-01-06 11:45,210000,야간 할증 적용,운행중
26_158,프리우스,경기 356번지 인근,목적지 305번지 인근,010-1676-4422,010-6868-7424,2026-01-07 16:00,170000,비대면 전달,운행중
26_159,티볼리,경기 175번지 인근,목적지 328번지 인근,010-5113-9269,010-8444-4453,2026-01-07 06:45,120000,야간 할증 적용,예약
26_160,트랙스,경기 376번지 인근,목적지 168번지 인근,010-1598-4434,010-5638-2847,2026-01-07 19:00,100000,급송 요청,운행중
26_161,스토닉,경기 498번지 인근,목적지 309번지 인근,010-1980-7030,010-5353-5529,2026-01-07 09:30,90000,정시 도착 요망,완료
26_162,베뉴,경기 83번지 인근,목적지 303번지 인근,010-4249-4496,010-6079-4626,2026-01-07 06:10,140000,비대면 전달,예약
26_163,GV120,경기 101번지 인근,목적지 307번지 인근,010-3064-3460,010-1115-5606,2026-01-06 15:30,250000,비대면 전달,완료
26_164,GV130,경기 15번지 인근,목적지 163번지 인근,010-5115-5653,010-1180-6925,2026-01-07 04:45,230000,비대면 전달,예약
26_165,GV140,경기 340번지 인근,목적지 474번지 인근,010-1224-7738,010-1342-7530,2026-01-06 12:45,160000,야간 할증 적용,운행중
26_166,소나타,경기 58번지 인근,목적지 26번지 인근,010-2538-4949,010-9797-6478,2026-01-07 16:45,70000,정시 도착 요망,대기
26_167,그랜저,경기 9번지 인근,목적지 278번지 인근,010-9707-9372,010-6896-9115,2026-01-06 21:45,240000,비대면 전달,대기
26_168,봉고4톤오토,경기 318번지 인근,목적지 154번지 인근,010-9442-1485,010-5047-8264,2026-01-06 10:10,210000,비대면 전달,대기
26_169,코란도스포츠,경기 397번지 인근,목적지 148번지 인근,010-1179-7828,010-8187-8573,2026-01-06 10:30,180000,없음,예약
26_170,제네시스g140,경기 385번지 인근,목적지 2번지 인근,010-7766-8646,010-5457-6946,2026-01-07 08:10,170000,차량 내부 청결 유지,예약
26_171,제네시스g150,경기 33번지 인근,목적지 225번지 인근,010-2454-7449,010-9101-7834,2026-01-06 10:10,80000,정시 도착 요망,대기
26_172,sm8,경기 203번지 인근,목적지 97번지 인근,010-2822-3251,010-3223-8985,2026-01-08 02:30,50000,비대면 전달,대기
26_173,모닝,경기 339번지 인근,목적지 421번지 인근,010-5545-7231,010-7736-8175,2026-01-08 05:10,200000,급송 요청,완료
26_174,에쿠스,경기 122번지 인근,목적지 193번지 인근,010-4389-7726,010-6689-5033,2026-01-08 04:45,110000,야간 할증 적용,예약
26_175,벤츠1750,경기 314번지 인근,목적지 63번지 인근,010-2451-8563,010-3478-4454,2026-01-08 05:30,90000,차량 내부 청결 유지,완료
26_176,벤츠2000,경기 351번지 인근,목적지 3번지 인근,010-4003-2944,010-4425-1418,2026-01-06 22:00,100000,없음,대기
26_177,아우디,경기 364번지 인근,목적지 178번지 인근,010-9992-7364,010-2780-8617,2026-01-08 05:45,140000,정시 도착 요망,예약
26_178,BMW,경기 128번지 인근,목적지 277번지 인근,010-2114-3003,010-7217-2461,2026-01-08 03:30,230000,정시 도착 요망,완료
26_179,EV9,경기 341번지 인근,목적지 307번지 인근,010-9805-7578,010-8804-5633,2026-01-08 02:30,190000,정시 도착 요망,예약
26_180,코나EV,경기 191번지 인근,목적지 400번지 인근,010-5921-6893,010-2614-8770,2026-01-07 15:00,130000,차량 내부 청결 유지,완료
26_181,4톤화물EV,경기 333번지 인근,목적지 165번지 인근,010-1312-3211,010-3050-3181,2026-01-06 11:00,50000,없음,운행중
26_182,모델S,경기 56번지 인근,목적지 377번지 인근,010-2874-6573,010-6838-7034,2026-01-07 12:10,100000,야간 할증 적용,대기
26_183,모델Y,경기 192번지 인근,목적지 237번지 인근,010-4303-9691,010-3293-7813,2026-01-07 17:45,240000,야간 할증 적용,운행중
26_184,모델X,경기 405번지 인근,목적지 413번지 인근,010-1197-2741,010-9963-2439,2026-01-06 22:00,80000,없음,대기
26_185,클릭,경기 75번지 인근,목적지 138번지 인근,010-4937-3045,010-7902-3010,2026-01-07 15:00,180000,급송 요청,대기
26_186,베르나,경기 269번지 인근,목적지 246번지 인근,010-2158-1874,010-2745-3886,2026-01-06 14:45,240000,없음,완료
26_187,아반떼,경기 419번지 인근,목적지 490번지 인근,010-9256-4356,010-7791-2799,2026-01-07 13:00,220000,정시 도착 요망,예약
26_188,제네시스쿠페,경기 6번지 인근,목적지 472번지 인근,010-6692-3966,010-4669-3926,2026-01-07 03:30,100000,정시 도착 요망,예약
26_189,투스카니,경기 225번지 인근,목적지 152번지 인근,010-4983-3747,010-1393-1556,2026-01-07 17:00,130000,야간 할증 적용,운행중
26_190,라비타,경기 73번지 인근,목적지 241번지 인근,010-6069-5871,010-4159-8313,2026-01-07 21:00,100000,없음,대기
26_191,트라제XG,경기 446번지 인근,목적지 378번지 인근,010-7539-9049,010-3522-3123,2026-01-07 16:45,180000,정시 도착 요망,예약
26_192,투싼,경기 146번지 인근,목적지 250번지 인근,010-8365-1533,010-7529-6199,2026-01-08 01:30,100000,비대면 전달,운행중
26_193,아이오닉8,경기 94번지 인근,목적지 7번지 인근,010-9652-9019,010-3466-8893,2026-01-07 22:45,210000,정시 도착 요망,예약
26_194,싼타페,경기 89번지 인근,목적지 41번지 인근,010-5513-7739,010-5476-8048,2026-01-06 10:00,230000,비대면 전달,완료
26_195,넥쏘,경기 491번지 인근,목적지 367번지 인근,010-8337-3873,010-9310-5315,2026-01-07 23:00,140000,야간 할증 적용,운행중
26_196,페리세이드,경기 12번지 인근,목적지 362번지 인근,010-6376-2529,010-9111-5500,2026-01-06 13:45,100000,정시 도착 요망,완료
26_197,아이오닉9,경기 113번지 인근,목적지 308번지 인근,010-1904-7124,010-8312-3607,2026-01-07 09:45,100000,차량 내부 청결 유지,대기
26_198,캐스퍼,경기 465번지 인근,목적지 228번지 인근,010-7183-1905,010-5340-7663,2026-01-07 06:00,50000,급송 요청,대기
26_199,스타리아,경기 139번지 인근,목적지 194번지 인근,010-9536-1027,010-4184-4540,2026-01-07 07:30,230000,차량 내부 청결 유지,대기
26_200,포터5,경기 482번지 인근,목적지 453번지 인근,010-6536-5942,010-9877-6576,2026-01-07 15:30,220000,없음,대기
26_201,쏠라티,부산시 242번지 인근,목적지 228번지 인근,010-5632-9630,010-6853-4528,2026-01-07 11:30,70000,정시 도착 요망,운행중
26_202,마이티,부산시 286번지 인근,목적지 251번지 인근,010-1841-8490,010-7251-7047,2026-01-08 09:10,70000,정시 도착 요망,대기
26_203,카운티,부산시 437번지 인근,목적지 225번지 인근,010-6187-5287,010-2013-9980,2026-01-06 18:00,200000,차량 내부 청결 유지,완료
26_204,큐브,부산시 73번지 인근,목적지 57번지 인근,010-9226-7999,010-2098-8787,2026-01-07 17:10,110000,급송 요청,대기
26_205,피아트,부산시 227번지 인근,목적지 89번지 인근,010-7072-9860,010-8868-5278,2026-01-07 23:00,60000,급송 요청,완료
26_206,폴로,부산시 270번지 인근,목적지 486번지 인근,010-5112-4319,010-3583-7023,2026-01-07 02:00,230000,차량 내부 청결 유지,예약
26_207,푸조,부산시 386번지 인근,목적지 39번지 인근,010-3747-3692,010-7647-7770,2026-01-07 12:45,240000,급송 요청,완료
26_208,쥬크,부산시 299번지 인근,목적지 448번지 인근,010-2774-2102,010-1921-8466,2026-01-07 22:45,90000,차량 내부 청결 유지,예약
26_209,시빅,부산시 243번지 인근,목적지 219번지 인근,010-3002-9534,010-1247-8808,2026-01-06 16:30,130000,비대면 전달,운행중
26_210,포커스,부산시 252번지 인근,목적지 283번지 인근,010-1794-3581,010-3892-1275,2026-01-07 20:30,110000,비대면 전달,운행중
26_211,골프,부산시 75번지 인근,목적지 324번지 인근,010-2700-8472,010-2557-3507,2026-01-06 16:10,50000,급송 요청,완료
26_212,로그,부산시 440번지 인근,목적지 173번지 인근,010-1412-9250,010-6933-4043,2026-01-07 23:10,90000,정시 도착 요망,완료
26_213,프리우스,부산시 129번지 인근,목적지 78번지 인근,010-8330-1936,010-5564-9218,2026-01-08 06:00,110000,야간 할증 적용,완료
26_214,티볼리,부산시 215번지 인근,목적지 49번지 인근,010-4267-1363,010-6848-5100,2026-01-08 09:10,180000,없음,운행중
26_215,트랙스,부산시 219번지 인근,목적지 38번지 인근,010-7190-4467,010-4609-1541,2026-01-06 15:45,150000,없음,운행중
26_216,스토닉,부산시 399번지 인근,목적지 211번지 인근,010-6084-8564,010-6649-5591,2026-01-08 04:00,150000,급송 요청,예약
26_217,베뉴,부산시 218번지 인근,목적지 451번지 인근,010-8787-3380,010-7893-9677,2026-01-06 15:45,130000,비대면 전달,대기
26_218,GV150,부산시 465번지 인근,목적지 396번지 인근,010-8493-6310,010-8736-8557,2026-01-08 03:10,200000,없음,예약
26_219,GV160,부산시 262번지 인근,목적지 452번지 인근,010-8103-8518,010-6738-9505,2026-01-08 02:45,240000,비대면 전달,완료
26_220,GV170,부산시 332번지 인근,목적지 249번지 인근,010-4344-6129,010-5409-5835,2026-01-07 18:30,210000,비대면 전달,운행중
26_221,소나타,부산시 277번지 인근,목적지 127번지 인근,010-1458-7335,010-2758-6546,2026-01-08 00:30,190000,차량 내부 청결 유지,운행중
26_222,그랜저,부산시 205번지 인근,목적지 370번지 인근,010-8913-9874,010-6920-6908,2026-01-06 23:30,70000,정시 도착 요망,운행중
26_223,봉고5톤오토,부산시 99번지 인근,목적지 50번지 인근,010-6732-1274,010-2135-4433,2026-01-08 04:00,210000,급송 요청,대기
26_224,코란도스포츠,부산시 57번지 인근,목적지 428번지 인근,010-7831-1442,010-3941-3651,2026-01-07 10:30,70000,차량 내부 청결 유지,완료
26_225,제네시스g160,부산시 481번지 인근,목적지 288번지 인근,010-8562-1947,010-5606-3175,2026-01-06 17:00,170000,차량 내부 청결 유지,대기
26_226,제네시스g170,부산시 128번지 인근,목적지 292번지 인근,010-2581-8196,010-8311-8073,2026-01-06 13:00,80000,비대면 전달,완료
26_227,sm9,부산시 256번지 인근,목적지 84번지 인근,010-8796-2146,010-6579-2092,2026-01-07 05:10,200000,야간 할증 적용,완료
26_228,모닝,부산시 456번지 인근,목적지 171번지 인근,010-5763-8300,010-5096-8524,2026-01-06 14:30,60000,야간 할증 적용,운행중
26_229,에쿠스,부산시 479번지 인근,목적지 164번지 인근,010-4865-8766,010-1196-4684,2026-01-06 16:45,160000,야간 할증 적용,완료
26_230,벤츠2250,부산시 64번지 인근,목적지 384번지 인근,010-7875-7903,010-8806-7743,2026-01-07 22:30,100000,급송 요청,완료
26_231,벤츠2500,부산시 359번지 인근,목적지 5번지 인근,010-3542-9318,010-3426-6466,2026-01-07 10:30,160000,야간 할증 적용,대기
26_232,아우디,부산시 78번지 인근,목적지 373번지 인근,010-2505-2581,010-8336-3961,2026-01-06 13:30,120000,없음,운행중
26_233,BMW,부산시 397번지 인근,목적지 207번지 인근,010-1942-6895,010-8550-3394,2026-01-08 04:30,230000,급송 요청,대기
26_234,EV10,부산시 495번지 인근,목적지 289번지 인근,010-8039-4515,010-8310-4873,2026-01-06 15:00,110000,야간 할증 적용,운행중
26_235,코나EV,부산시 218번지 인근,목적지 393번지 인근,010-1892-9117,010-4689-1702,2026-01-06 14:45,110000,정시 도착 요망,완료
26_236,5톤화물EV,부산시 389번지 인근,목적지 154번지 인근,010-8011-3128,010-9932-7511,2026-01-08 08:30,220000,없음,대기
26_237,모델S,부산시 104번지 인근,목적지 267번지 인근,010-2366-8503,010-8069-4929,2026-01-07 18:00,180000,야간 할증 적용,운행중
26_238,모델Y,부산시 215번지 인근,목적지 93번지 인근,010-8325-9934,010-1824-2771,2026-01-06 09:30,120000,차량 내부 청결 유지,예약
26_239,모델X,부산시 175번지 인근,목적지 45번지 인근,010-3109-5329,010-4227-1663,2026-01-06 11:00,70000,비대면 전달,완료
26_240,클릭,부산시 199번지 인근,목적지 345번지 인근,010-6575-9704,010-5515-8398,2026-01-07 18:30,60000,없음,운행중
26_241,베르나,부산시 34번지 인근,목적지 229번지 인근,010-1741-4714,010-1564-8813,2026-01-07 21:10,90000,차량 내부 청결 유지,예약
26_242,아반떼,부산시 149번지 인근,목적지 97번지 인근,010-5693-3186,010-7920-5654,2026-01-06 15:10,80000,없음,운행중
26_243,제네시스쿠페,부산시 223번지 인근,목적지 494번지 인근,010-3159-1249,010-8751-8928,2026-01-07 08:10,90000,없음,완료
26_244,투스카니,부산시 185번지 인근,목적지 393번지 인근,010-7897-5129,010-9189-5908,2026-01-06 14:45,150000,없음,운행중
26_245,라비타,부산시 448번지 인근,목적지 62번지 인근,010-3308-1347,010-1992-6394,2026-01-08 01:10,120000,없음,대기
26_246,트라제XG,부산시 490번지 인근,목적지 175번지 인근,010-6754-3516,010-9313-8172,2026-01-07 12:10,60000,차량 내부 청결 유지,대기
26_247,투싼,부산시 89번지 인근,목적지 287번지 인근,010-1039-3989,010-9086-1284,2026-01-07 15:30,240000,급송 요청,완료
26_248,아이오닉9,부산시 99번지 인근,목적지 271번지 인근,010-5177-5428,010-9351-7094,2026-01-07 13:45,220000,정시 도착 요망,완료
26_249,싼타페,부산시 412번지 인근,목적지 37번지 인근,010-1123-2315,010-7540-6767,2026-01-08 01:30,50000,급송 요청,예약
26_250,넥쏘,부산시 117번지 인근,목적지 240번지 인근,010-7097-7062,010-7892-4376,2026-01-06 18:00,240000,비대면 전달,완료
26_251,페리세이드,부산시 425번지 인근,목적지 234번지 인근,010-9126-5197,010-4163-8243,2026-01-07 23:00,90000,차량 내부 청결 유지,예약
26_252,아이오닉10,부산시 223번지 인근,목적지 133번지 인근,010-9842-2563,010-7902-3190,2026-01-06 23:45,160000,급송 요청,완료
26_253,캐스퍼,부산시 115번지 인근,목적지 392번지 인근,010-6889-1125,010-3941-5880,2026-01-06 11:00,130000,야간 할증 적용,완료
26_254,스타리아,부산시 311번지 인근,목적지 82번지 인근,010-6615-8803,010-5150-5506,2026-01-06 23:45,230000,차량 내부 청결 유지,완료
26_255,포터6,부산시 114번지 인근,목적지 6번지 인근,010-2503-9414,010-3238-3993,2026-01-06 12:45,180000,급송 요청,운행중
26_256,쏠라티,부산시 396번지 인근,목적지 19번지 인근,010-4163-5252,010-8211-6304,2026-01-06 12:00,70000,급송 요청,운행중
26_257,마이티,부산시 392번지 인근,목적지 163번지 인근,010-9549-3300,010-6439-2324,2026-01-06 13:10,200000,야간 할증 적용,운행중
26_258,카운티,부산시 114번지 인근,목적지 379번지 인근,010-3204-8695,010-2015-7647,2026-01-07 12:45,240000,정시 도착 요망,대기
26_259,큐브,부산시 423번지 인근,목적지 169번지 인근,010-5535-8601,010-5686-5291,2026-01-07 05:45,230000,정시 도착 요망,완료
26_260,피아트,부산시 416번지 인근,목적지 315번지 인근,010-1823-6017,010-4230-9655,2026-01-06 12:00,70000,정시 도착 요망,대기
26_261,폴로,부산시 147번지 인근,목적지 170번지 인근,010-3550-3950,010-3057-8908,2026-01-07 04:30,230000,야간 할증 적용,대기
26_262,푸조,부산시 214번지 인근,목적지 332번지 인근,010-3599-3324,010-3928-2554,2026-01-06 21:30,110000,급송 요청,대기
26_263,쥬크,부산시 127번지 인근,목적지 211번지 인근,010-9682-6371,010-3866-9022,2026-01-07 06:45,180000,차량 내부 청결 유지,대기
26_264,시빅,부산시 391번지 인근,목적지 75번지 인근,010-7228-8427,010-6886-2432,2026-01-06 22:00,80000,차량 내부 청결 유지,대기
26_265,포커스,부산시 24번지 인근,목적지 320번지 인근,010-6197-4340,010-4875-7645,2026-01-07 04:45,200000,급송 요청,예약
26_266,골프,부산시 258번지 인근,목적지 441번지 인근,010-6528-7617,010-8569-6862,2026-01-07 09:45,110000,정시 도착 요망,완료
26_267,로그,부산시 130번지 인근,목적지 331번지 인근,010-4045-5224,010-9578-2743,2026-01-07 09:00,80000,없음,운행중
26_268,프리우스,부산시 247번지 인근,목적지 191번지 인근,010-8677-4698,010-1666-3800,2026-01-07 07:00,60000,차량 내부 청결 유지,운행중
26_269,티볼리,부산시 201번지 인근,목적지 494번지 인근,010-6726-9153,010-7507-7345,2026-01-07 02:30,170000,야간 할증 적용,완료
26_270,트랙스,부산시 442번지 인근,목적지 469번지 인근,010-6036-5962,010-7545-3565,2026-01-06 23:10,90000,없음,운행중
26_271,스토닉,부산시 407번지 인근,목적지 95번지 인근,010-7257-7000,010-7354-6081,2026-01-06 22:10,60000,없음,완료
26_272,베뉴,부산시 192번지 인근,목적지 162번지 인근,010-6653-2344,010-4592-5220,2026-01-06 18:10,230000,야간 할증 적용,예약
26_273,GV180,부산시 463번지 인근,목적지 93번지 인근,010-4420-1077,010-8351-2858,2026-01-06 11:00,210000,급송 요청,운행중
26_274,GV190,부산시 252번지 인근,목적지 87번지 인근,010-4706-8000,010-9308-3711,2026-01-07 11:00,250000,없음,대기
26_275,GV200,부산시 243번지 인근,목적지 156번지 인근,010-4182-5191,010-4055-8861,2026-01-08 01:00,250000,야간 할증 적용,운행중
26_276,소나타,부산시 300번지 인근,목적지 477번지 인근,010-9442-8420,010-9870-1561,2026-01-08 04:30,190000,정시 도착 요망,운행중
26_277,그랜저,부산시 38번지 인근,목적지 491번지 인근,010-6933-8154,010-1889-9883,2026-01-08 03:30,70000,없음,운행중
26_278,봉고6톤오토,부산시 111번지 인근,목적지 483번지 인근,010-4961-3036,010-2804-3630,2026-01-06 16:10,50000,야간 할증 적용,예약
26_279,코란도스포츠,부산시 204번지 인근,목적지 104번지 인근,010-3383-8623,010-6492-1059,2026-01-06 22:10,100000,급송 요청,대기
26_280,제네시스g180,부산시 359번지 인근,목적지 212번지 인근,010-4894-3749,010-6062-6009,2026-01-07 14:45,130000,차량 내부 청결 유지,대기
26_281,제네시스g190,부산시 491번지 인근,목적지 247번지 인근,010-1841-8498,010-8804-1773,2026-01-06 21:45,100000,없음,완료
26_282,sm10,부산시 300번지 인근,목적지 99번지 인근,010-2110-9566,010-8177-3390,2026-01-07 14:00,200000,야간 할증 적용,대기
26_283,모닝,부산시 405번지 인근,목적지 55번지 인근,010-6806-6000,010-1785-5451,2026-01-08 04:45,160000,차량 내부 청결 유지,완료
26_284,에쿠스,부산시 292번지 인근,목적지 165번지 인근,010-2075-3453,010-2524-1032,2026-01-06 12:00,250000,급송 요청,완료
26_285,벤츠2750,부산시 467번지 인근,목적지 226번지 인근,010-8546-9164,010-5627-8937,2026-01-07 01:30,240000,정시 도착 요망,운행중
26_286,벤츠3000,부산시 436번지 인근,목적지 187번지 인근,010-6093-4678,010-6346-9518,2026-01-07 22:30,90000,급송 요청,운행중
26_287,아우디,부산시 87번지 인근,목적지 304번지 인근,010-7784-1490,010-1441-4900,2026-01-06 16:00,200000,급송 요청,운행중
26_288,BMW,부산시 147번지 인근,목적지 207번지 인근,010-3377-2982,010-6128-2206,2026-01-06 23:45,220000,정시 도착 요망,운행중
26_289,EV11,부산시 374번지 인근,목적지 345번지 인근,010-8011-1124,010-5898-2427,2026-01-06 15:45,200000,급송 요청,예약
26_290,코나EV,부산시 81번지 인근,목적지 421번지 인근,010-6662-7221,010-8521-4928,2026-01-06 17:45,110000,야간 할증 적용,완료
26_291,6톤화물EV,부산시 436번지 인근,목적지 234번지 인근,010-9774-9199,010-1933-2891,2026-01-06 14:30,220000,비대면 전달,완료
26_292,모델S,부산시 271번지 인근,목적지 113번지 인근,010-3717-4266,010-8588-5963,2026-01-07 10:10,150000,급송 요청,운행중
26_293,모델Y,부산시 238번지 인근,목적지 319번지 인근,010-2917-2842,010-7486-7204,2026-01-08 09:30,60000,급송 요청,대기
26_294,모델X,부산시 175번지 인근,목적지 280번지 인근,010-2598-2424,010-1499-6273,2026-01-07 23:30,150000,급송 요청,예약
26_295,클릭,부산시 293번지 인근,목적지 330번지 인근,010-9827-9583,010-8496-4112,2026-01-07 14:30,240000,정시 도착 요망,운행중
26_296,베르나,부산시 67번지 인근,목적지 371번지 인근,010-4260-5542,010-4084-3189,2026-01-06 10:10,90000,없음,예약
26_297,아반떼,부산시 93번지 인근,목적지 256번지 인근,010-5853-6934,010-1738-3465,2026-01-07 16:00,150000,차량 내부 청결 유지,예약
26_298,제네시스쿠페,부산시 477번지 인근,목적지 151번지 인근,010-1414-5822,010-8756-2460,2026-01-07 17:45,250000,비대면 전달,완료
26_299,투스카니,부산시 328번지 인근,목적지 473번지 인근,010-1701-1732,010-3329-8703,2026-01-07 13:10,110000,급송 요청,완료
26_300,라비타,부산시 140번지 인근,목적지 70번지 인근,010-2422-8898,010-2747-8672,2026-01-07 13:30,170000,차량 내부 청결 유지,운행중
26_301,트라제XG,인천시 196번지 인근,목적지 192번지 인근,010-9053-1276,010-2894-7905,2026-01-07 13:00,50000,없음,예약
26_302,투싼,인천시 362번지 인근,목적지 11번지 인근,010-1247-6986,010-7101-3391,2026-01-06 20:45,50000,비대면 전달,완료
26_303,아이오닉10,인천시 292번지 인근,목적지 281번지 인근,010-3631-1355,010-5611-7850,2026-01-08 05:30,250000,정시 도착 요망,운행중
26_304,싼타페,인천시 359번지 인근,목적지 490번지 인근,010-7875-3920,010-4506-6570,2026-01-06 21:10,60000,비대면 전달,완료
26_305,넥쏘,인천시 317번지 인근,목적지 296번지 인근,010-5192-7825,010-9727-8252,2026-01-07 15:10,70000,비대면 전달,대기
26_306,페리세이드,인천시 255번지 인근,목적지 152번지 인근,010-5893-9149,010-4478-1020,2026-01-06 15:45,190000,급송 요청,운행중
26_307,아이오닉11,인천시 248번지 인근,목적지 26번지 인근,010-9516-9353,010-2831-3838,2026-01-06 18:45,110000,차량 내부 청결 유지,예약
26_308,캐스퍼,인천시 491번지 인근,목적지 158번지 인근,010-7403-4290,010-9835-7481,2026-01-07 01:00,200000,정시 도착 요망,대기
26_309,스타리아,인천시 216번지 인근,목적지 59번지 인근,010-8530-3315,010-6255-6823,2026-01-07 16:30,90000,비대면 전달,예약
26_310,포터7,인천시 137번지 인근,목적지 193번지 인근,010-1775-9801,010-2474-9587,2026-01-06 15:00,240000,급송 요청,예약
26_311,쏠라티,인천시 423번지 인근,목적지 16번지 인근,010-6115-8043,010-1192-5856,2026-01-06 17:10,240000,급송 요청,예약
26_312,마이티,인천시 436번지 인근,목적지 384번지 인근,010-8984-3389,010-1168-7691,2026-01-07 22:00,80000,급송 요청,완료
26_313,카운티,인천시 210번지 인근,목적지 436번지 인근,010-9379-4897,010-7332-9615,2026-01-07 15:10,210000,야간 할증 적용,완료
26_314,큐브,인천시 112번지 인근,목적지 436번지 인근,010-2315-4899,010-2290-4150,2026-01-07 17:10,60000,정시 도착 요망,운행중
26_315,피아트,인천시 418번지 인근,목적지 85번지 인근,010-6279-7417,010-8374-4260,2026-01-07 15:45,170000,비대면 전달,운행중
26_316,폴로,인천시 322번지 인근,목적지 301번지 인근,010-9824-5227,010-2223-1647,2026-01-08 09:10,180000,없음,예약
26_317,푸조,인천시 10번지 인근,목적지 403번지 인근,010-8286-4224,010-5868-3338,2026-01-06 10:45,80000,급송 요청,운행중
26_318,쥬크,인천시 11번지 인근,목적지 453번지 인근,010-7565-3294,010-5008-7059,2026-01-06 21:45,150000,정시 도착 요망,대기
26_319,시빅,인천시 142번지 인근,목적지 230번지 인근,010-4769-3724,010-4005-1848,2026-01-07 05:00,120000,없음,운행중
26_320,포커스,인천시 483번지 인근,목적지 438번지 인근,010-2719-9718,010-5501-1594,2026-01-07 18:00,100000,정시 도착 요망,예약
26_321,골프,인천시 305번지 인근,목적지 304번지 인근,010-8471-6159,010-9176-9256,2026-01-06 12:45,160000,야간 할증 적용,대기
26_322,로그,인천시 1번지 인근,목적지 107번지 인근,010-5052-9000,010-5914-3432,2026-01-07 02:45,50000,비대면 전달,대기
26_323,프리우스,인천시 257번지 인근,목적지 56번지 인근,010-1521-3344,010-2261-5457,2026-01-07 10:00,150000,야간 할증 적용,운행중
26_324,티볼리,인천시 430번지 인근,목적지 297번지 인근,010-2050-3241,010-6852-5455,2026-01-07 04:10,120000,정시 도착 요망,대기
26_325,트랙스,인천시 433번지 인근,목적지 205번지 인근,010-3332-3465,010-5733-8638,2026-01-08 01:45,180000,정시 도착 요망,예약
26_326,스토닉,인천시 352번지 인근,목적지 331번지 인근,010-9689-8538,010-4512-5361,2026-01-08 02:30,140000,급송 요청,예약
26_327,베뉴,인천시 280번지 인근,목적지 485번지 인근,010-1621-8144,010-7748-1868,2026-01-07 12:10,80000,야간 할증 적용,운행중
26_328,GV210,인천시 182번지 인근,목적지 288번지 인근,010-8681-9402,010-4277-4290,2026-01-06 23:10,240000,정시 도착 요망,운행중
26_329,GV220,인천시 466번지 인근,목적지 39번지 인근,010-9834-5663,010-8098-7571,2026-01-07 22:30,170000,차량 내부 청결 유지,운행중
26_330,GV230,인천시 69번지 인근,목적지 368번지 인근,010-3112-8150,010-2513-5799,2026-01-07 11:30,150000,급송 요청,운행중
26_331,소나타,인천시 491번지 인근,목적지 227번지 인근,010-6530-2760,010-2444-6161,2026-01-06 20:45,60000,야간 할증 적용,예약
26_332,그랜저,인천시 494번지 인근,목적지 221번지 인근,010-6567-1316,010-7536-8190,2026-01-08 01:30,100000,없음,대기
26_333,봉고7톤오토,인천시 85번지 인근,목적지 234번지 인근,010-9800-3295,010-1136-6955,2026-01-06 23:00,230000,야간 할증 적용,예약
26_334,코란도스포츠,인천시 216번지 인근,목적지 334번지 인근,010-1349-3120,010-7524-7653,2026-01-07 16:30,170000,없음,예약
26_335,제네시스g200,인천시 258번지 인근,목적지 480번지 인근,010-8444-7826,010-9352-5327,2026-01-07 10:45,120000,야간 할증 적용,대기
26_336,제네시스g210,인천시 379번지 인근,목적지 108번지 인근,010-4168-3488,010-9968-9082,2026-01-08 08:10,150000,없음,예약
26_337,sm11,인천시 270번지 인근,목적지 456번지 인근,010-7614-8145,010-6262-6481,2026-01-08 03:00,250000,차량 내부 청결 유지,운행중
26_338,모닝,인천시 156번지 인근,목적지 400번지 인근,010-2459-8439,010-6242-4645,2026-01-06 17:30,220000,비대면 전달,완료
26_339,에쿠스,인천시 248번지 인근,목적지 254번지 인근,010-1744-4091,010-2393-2938,2026-01-08 02:10,70000,야간 할증 적용,대기
26_340,벤츠3250,인천시 182번지 인근,목적지 280번지 인근,010-1647-7419,010-4437-1308,2026-01-07 00:00,80000,없음,대기
26_341,벤츠3500,인천시 338번지 인근,목적지 270번지 인근,010-6234-6113,010-4434-3226,2026-01-08 09:45,50000,비대면 전달,완료
26_342,아우디,인천시 131번지 인근,목적지 151번지 인근,010-9650-2880,010-9005-9121,2026-01-08 07:45,70000,차량 내부 청결 유지,대기
26_343,BMW,인천시 400번지 인근,목적지 264번지 인근,010-4159-8296,010-7560-9812,2026-01-06 16:30,60000,야간 할증 적용,대기
26_344,EV12,인천시 77번지 인근,목적지 115번지 인근,010-4215-6604,010-2239-6625,2026-01-08 09:10,190000,차량 내부 청결 유지,운행중
26_345,코나EV,인천시 333번지 인근,목적지 497번지 인근,010-3462-7289,010-8725-7792,2026-01-07 15:00,230000,없음,운행중
26_346,7톤화물EV,인천시 144번지 인근,목적지 29번지 인근,010-5706-8618,010-3575-9665,2026-01-06 14:10,230000,없음,예약
26_347,모델S,인천시 277번지 인근,목적지 101번지 인근,010-4928-7245,010-7735-1524,2026-01-07 18:10,110000,급송 요청,완료
26_348,모델Y,인천시 261번지 인근,목적지 118번지 인근,010-6240-7920,010-2114-7667,2026-01-07 04:30,50000,정시 도착 요망,운행중
26_349,모델X,인천시 319번지 인근,목적지 84번지 인근,010-8542-6959,010-4720-7396,2026-01-06 20:30,220000,야간 할증 적용,대기
26_350,클릭,인천시 291번지 인근,목적지 199번지 인근,010-1038-9464,010-6413-3684,2026-01-06 09:45,150000,없음,완료
26_351,베르나,인천시 169번지 인근,목적지 122번지 인근,010-5883-3465,010-1592-4817,2026-01-08 07:10,140000,야간 할증 적용,완료
26_352,아반떼,인천시 124번지 인근,목적지 382번지 인근,010-6516-4488,010-8067-2350,2026-01-07 20:10,110000,없음,완료
26_353,제네시스쿠페,인천시 3번지 인근,목적지 247번지 인근,010-7891-9724,010-8653-3969,2026-01-07 06:45,170000,급송 요청,대기
26_354,투스카니,인천시 401번지 인근,목적지 107번지 인근,010-6157-4189,010-8576-3645,2026-01-07 04:00,100000,비대면 전달,예약
26_355,라비타,인천시 34번지 인근,목적지 57번지 인근,010-5293-9595,010-3736-7375,2026-01-06 15:45,100000,차량 내부 청결 유지,운행중
26_356,트라제XG,인천시 193번지 인근,목적지 447번지 인근,010-7001-6974,010-9269-2880,2026-01-08 01:30,120000,급송 요청,완료
26_357,투싼,인천시 239번지 인근,목적지 127번지 인근,010-9830-1788,010-5121-9668,2026-01-07 16:00,140000,급송 요청,예약
26_358,아이오닉11,인천시 313번지 인근,목적지 186번지 인근,010-2856-1482,010-1890-6773,2026-01-07 12:00,180000,차량 내부 청결 유지,운행중
26_359,싼타페,인천시 349번지 인근,목적지 485번지 인근,010-3322-4881,010-8345-8612,2026-01-06 17:10,90000,정시 도착 요망,대기
26_360,넥쏘,인천시 138번지 인근,목적지 328번지 인근,010-9320-8333,010-2107-7089,2026-01-08 06:00,250000,급송 요청,대기
26_361,페리세이드,인천시 109번지 인근,목적지 250번지 인근,010-1895-5620,010-6441-1486,2026-01-07 18:10,150000,야간 할증 적용,운행중
26_362,아이오닉12,인천시 284번지 인근,목적지 425번지 인근,010-1007-8854,010-6562-9232,2026-01-07 19:10,60000,비대면 전달,대기
26_363,캐스퍼,인천시 16번지 인근,목적지 73번지 인근,010-2834-1905,010-1272-7224,2026-01-08 04:00,150000,정시 도착 요망,운행중
26_364,스타리아,인천시 468번지 인근,목적지 295번지 인근,010-6904-7251,010-2810-5538,2026-01-07 22:30,70000,없음,예약
26_365,포터8,인천시 111번지 인근,목적지 342번지 인근,010-5640-5176,010-3585-9816,2026-01-08 05:10,220000,비대면 전달,완료
26_366,쏠라티,인천시 103번지 인근,목적지 74번지 인근,010-1313-8359,010-8024-8593,2026-01-07 14:00,130000,없음,운행중
26_367,마이티,인천시 74번지 인근,목적지 225번지 인근,010-8366-5210,010-7558-7707,2026-01-08 05:10,210000,급송 요청,대기
26_368,카운티,인천시 187번지 인근,목적지 346번지 인근,010-3645-3924,010-4001-1819,2026-01-07 08:10,170000,정시 도착 요망,완료
26_369,큐브,인천시 499번지 인근,목적지 226번지 인근,010-3957-8335,010-6973-4508,2026-01-08 00:10,110000,차량 내부 청결 유지,대기
26_370,피아트,인천시 437번지 인근,목적지 383번지 인근,010-4583-3889,010-1365-4976,2026-01-06 10:00,180000,야간 할증 적용,완료
26_371,폴로,인천시 205번지 인근,목적지 114번지 인근,010-2398-7776,010-6411-3119,2026-01-07 02:10,230000,차량 내부 청결 유지,완료
26_372,푸조,인천시 176번지 인근,목적지 303번지 인근,010-4381-3385,010-5591-3891,2026-01-07 03:45,110000,차량 내부 청결 유지,대기
26_373,쥬크,인천시 351번지 인근,목적지 471번지 인근,010-5125-4434,010-7655-4968,2026-01-07 05:30,160000,차량 내부 청결 유지,대기
26_374,시빅,인천시 198번지 인근,목적지 103번지 인근,010-3570-5140,010-8670-6503,2026-01-07 11:45,210000,정시 도착 요망,운행중
26_375,포커스,인천시 450번지 인근,목적지 287번지 인근,010-6129-2711,010-8980-9074,2026-01-06 10:30,210000,급송 요청,예약
26_376,골프,인천시 477번지 인근,목적지 418번지 인근,010-1241-7996,010-8526-2636,2026-01-06 22:10,240000,야간 할증 적용,완료
26_377,로그,인천시 55번지 인근,목적지 439번지 인근,010-6559-1869,010-7984-2550,2026-01-08 07:45,140000,비대면 전달,대기
26_378,프리우스,인천시 325번지 인근,목적지 37번지 인근,010-2214-8329,010-7765-7062,2026-01-07 13:00,60000,없음,예약
26_379,티볼리,인천시 451번지 인근,목적지 81번지 인근,010-7565-3236,010-4783-2876,2026-01-07 11:30,70000,정시 도착 요망,대기
26_380,트랙스,인천시 153번지 인근,목적지 467번지 인근,010-6685-4494,010-5252-8923,2026-01-06 16:30,160000,정시 도착 요망,완료
26_381,스토닉,인천시 207번지 인근,목적지 12번지 인근,010-2603-6396,010-3348-6804,2026-01-07 15:30,220000,비대면 전달,완료
26_382,베뉴,인천시 485번지 인근,목적지 315번지 인근,010-6992-8773,010-8567-4581,2026-01-07 06:45,100000,없음,운행중
26_383,GV240,인천시 178번지 인근,목적지 149번지 인근,010-2228-6147,010-2912-5675,2026-01-07 08:00,140000,비대면 전달,예약
26_384,GV250,인천시 401번지 인근,목적지 497번지 인근,010-6761-4434,010-1797-2845,2026-01-07 06:00,200000,차량 내부 청결 유지,완료
26_385,GV260,인천시 115번지 인근,목적지 99번지 인근,010-2894-6034,010-1824-9731,2026-01-07 01:30,90000,급송 요청,운행중
26_386,소나타,인천시 43번지 인근,목적지 65번지 인근,010-9636-1562,010-6444-4947,2026-01-06 14:30,140000,급송 요청,예약
26_387,그랜저,인천시 491번지 인근,목적지 141번지 인근,010-7852-8683,010-4070-2839,2026-01-07 06:45,150000,없음,예약
26_388,봉고8톤오토,인천시 132번지 인근,목적지 121번지 인근,010-1525-2125,010-2467-9652,2026-01-07 14:45,180000,없음,예약
26_389,코란도스포츠,인천시 142번지 인근,목적지 356번지 인근,010-5666-3593,010-7764-1708,2026-01-06 16:10,60000,정시 도착 요망,예약
26_390,제네시스g220,인천시 36번지 인근,목적지 227번지 인근,010-3909-1703,010-9848-2088,2026-01-08 07:30,80000,비대면 전달,예약
26_391,제네시스g230,인천시 151번지 인근,목적지 147번지 인근,010-2730-1445,010-5244-7472,2026-01-07 17:30,160000,야간 할증 적용,대기
26_392,sm12,인천시 152번지 인근,목적지 489번지 인근,010-3925-4176,010-7473-6475,2026-01-08 01:45,70000,없음,예약
26_393,모닝,인천시 94번지 인근,목적지 360번지 인근,010-9154-8336,010-8413-8572,2026-01-07 06:45,240000,정시 도착 요망,운행중
26_394,에쿠스,인천시 291번지 인근,목적지 126번지 인근,010-2159-6517,010-8564-3806,2026-01-07 21:10,90000,야간 할증 적용,운행중
26_395,벤츠3750,인천시 168번지 인근,목적지 269번지 인근,010-1582-9371,010-9678-7346,2026-01-07 12:45,220000,급송 요청,대기
26_396,벤츠4000,인천시 85번지 인근,목적지 486번지 인근,010-1424-5133,010-4442-9566,2026-01-08 09:10,190000,야간 할증 적용,대기
26_397,아우디,인천시 178번지 인근,목적지 495번지 인근,010-8715-9615,010-5627-9069,2026-01-08 00:10,100000,급송 요청,대기
26_398,BMW,인천시 160번지 인근,목적지 286번지 인근,010-8604-8488,010-7614-7881,2026-01-08 00:00,80000,급송 요청,운행중
26_399,EV13,인천시 234번지 인근,목적지 440번지 인근,010-4566-4739,010-7845-1512,2026-01-06 15:30,180000,없음,예약
26_400,코나EV,인천시 390번지 인근,목적지 327번지 인근,010-8713-3431,010-4530-7687,2026-01-08 06:00,100000,없음,운행중
26_401,8톤화물EV,대구시 312번지 인근,목적지 24번지 인근,010-3780-9241,010-8744-4469,2026-01-07 02:10,100000,급송 요청,예약
26_402,모델S,대구시 181번지 인근,목적지 140번지 인근,010-9713-2756,010-5327-5125,2026-01-07 10:10,50000,없음,대기
26_403,모델Y,대구시 130번지 인근,목적지 392번지 인근,010-2433-5351,010-7540-3555,2026-01-07 07:30,250000,없음,운행중
26_404,모델X,대구시 491번지 인근,목적지 403번지 인근,010-2201-2984,010-1002-6817,2026-01-06 15:45,90000,야간 할증 적용,완료
26_405,클릭,대구시 451번지 인근,목적지 170번지 인근,010-2131-5448,010-2504-7848,2026-01-06 10:30,230000,차량 내부 청결 유지,완료
26_406,베르나,대구시 483번지 인근,목적지 441번지 인근,010-7133-6712,010-5026-7399,2026-01-08 09:30,230000,야간 할증 적용,대기
26_407,아반떼,대구시 356번지 인근,목적지 259번지 인근,010-4699-2341,010-5416-2282,2026-01-08 00:45,50000,정시 도착 요망,운행중
26_408,제네시스쿠페,대구시 60번지 인근,목적지 81번지 인근,010-8706-2558,010-4839-8518,2026-01-06 21:45,190000,없음,운행중
26_409,투스카니,대구시 25번지 인근,목적지 371번지 인근,010-8712-5967,010-1007-9885,2026-01-07 00:10,130000,없음,대기
26_410,라비타,대구시 384번지 인근,목적지 471번지 인근,010-5535-3195,010-1367-3449,2026-01-07 23:30,100000,야간 할증 적용,완료
26_411,트라제XG,대구시 128번지 인근,목적지 366번지 인근,010-9991-3622,010-2451-7814,2026-01-07 23:00,190000,급송 요청,예약
26_412,투싼,대구시 448번지 인근,목적지 472번지 인근,010-7828-6532,010-1674-1708,2026-01-06 22:00,240000,야간 할증 적용,운행중
26_413,아이오닉12,대구시 263번지 인근,목적지 159번지 인근,010-9199-6402,010-9521-1010,2026-01-07 00:10,90000,정시 도착 요망,대기
26_414,싼타페,대구시 118번지 인근,목적지 250번지 인근,010-9371-5058,010-7874-7943,2026-01-07 13:30,220000,정시 도착 요망,대기
26_415,넥쏘,대구시 281번지 인근,목적지 330번지 인근,010-2920-1488,010-4196-7429,2026-01-07 05:30,80000,야간 할증 적용,완료
26_416,페리세이드,대구시 436번지 인근,목적지 104번지 인근,010-2908-1371,010-3795-4972,2026-01-08 03:30,80000,비대면 전달,운행중
26_417,아이오닉13,대구시 347번지 인근,목적지 333번지 인근,010-1253-3676,010-5535-4089,2026-01-07 21:10,100000,없음,운행중
26_418,캐스퍼,대구시 89번지 인근,목적지 150번지 인근,010-5431-4942,010-9059-1996,2026-01-07 22:30,150000,정시 도착 요망,대기
26_419,스타리아,대구시 351번지 인근,목적지 441번지 인근,010-2626-1752,010-4076-3127,2026-01-07 11:30,250000,차량 내부 청결 유지,대기
26_420,포터9,대구시 125번지 인근,목적지 303번지 인근,010-3384-2788,010-7558-6190,2026-01-08 03:00,150000,차량 내부 청결 유지,예약
26_421,쏠라티,대구시 338번지 인근,목적지 207번지 인근,010-7347-3595,010-7545-5011,2026-01-06 19:30,120000,차량 내부 청결 유지,운행중
26_422,마이티,대구시 322번지 인근,목적지 480번지 인근,010-2963-4656,010-8191-1914,2026-01-07 10:45,90000,야간 할증 적용,운행중
26_423,카운티,대구시 465번지 인근,목적지 148번지 인근,010-1538-7745,010-4138-9986,2026-01-08 06:00,140000,없음,운행중
26_424,큐브,대구시 201번지 인근,목적지 495번지 인근,010-3866-4177,010-5381-8906,2026-01-07 09:45,180000,비대면 전달,대기
26_425,피아트,대구시 197번지 인근,목적지 160번지 인근,010-8098-3265,010-3575-4104,2026-01-06 17:00,230000,야간 할증 적용,대기
26_426,폴로,대구시 433번지 인근,목적지 55번지 인근,010-6348-9670,010-9030-7440,2026-01-07 01:10,90000,비대면 전달,완료
26_427,푸조,대구시 121번지 인근,목적지 67번지 인근,010-9302-1370,010-3220-9678,2026-01-06 22:30,180000,비대면 전달,대기
26_428,쥬크,대구시 233번지 인근,목적지 433번지 인근,010-5536-9804,010-6797-7087,2026-01-06 11:10,70000,비대면 전달,완료
26_429,시빅,대구시 435번지 인근,목적지 82번지 인근,010-1368-2940,010-7904-7616,2026-01-06 11:00,180000,없음,대기
26_430,포커스,대구시 7번지 인근,목적지 129번지 인근,010-2714-7488,010-2437-1834,2026-01-07 00:30,250000,없음,운행중
26_431,골프,대구시 456번지 인근,목적지 200번지 인근,010-6668-2720,010-6186-1417,2026-01-06 17:45,110000,차량 내부 청결 유지,예약
26_432,로그,대구시 465번지 인근,목적지 152번지 인근,010-8654-1635,010-5240-3415,2026-01-06 14:00,140000,없음,완료
26_433,프리우스,대구시 159번지 인근,목적지 118번지 인근,010-2244-2213,010-9950-5951,2026-01-06 22:45,240000,야간 할증 적용,운행중
26_434,티볼리,대구시 182번지 인근,목적지 354번지 인근,010-4358-1897,010-2676-9114,2026-01-07 06:10,150000,야간 할증 적용,운행중
26_435,트랙스,대구시 375번지 인근,목적지 40번지 인근,010-8234-8514,010-4397-8667,2026-01-08 03:30,250000,비대면 전달,예약
26_436,스토닉,대구시 491번지 인근,목적지 457번지 인근,010-4210-1935,010-6188-3000,2026-01-06 23:10,130000,없음,운행중
26_437,베뉴,대구시 491번지 인근,목적지 440번지 인근,010-6546-9440,010-3976-7433,2026-01-08 09:10,60000,정시 도착 요망,완료
26_438,GV270,대구시 336번지 인근,목적지 358번지 인근,010-8286-1874,010-6183-9413,2026-01-08 00:00,180000,정시 도착 요망,운행중
26_439,GV280,대구시 57번지 인근,목적지 205번지 인근,010-1057-2617,010-1874-2384,2026-01-07 20:45,240000,차량 내부 청결 유지,운행중
26_440,GV290,대구시 10번지 인근,목적지 62번지 인근,010-3928-8389,010-8982-7669,2026-01-06 23:30,110000,없음,대기
26_441,소나타,대구시 165번지 인근,목적지 298번지 인근,010-2610-1392,010-1213-9402,2026-01-07 21:00,240000,없음,예약
26_442,그랜저,대구시 80번지 인근,목적지 206번지 인근,010-8400-5047,010-7308-7643,2026-01-07 11:30,160000,정시 도착 요망,완료
26_443,봉고9톤오토,대구시 295번지 인근,목적지 429번지 인근,010-5222-4939,010-4805-1091,2026-01-07 22:00,230000,급송 요청,대기
26_444,코란도스포츠,대구시 82번지 인근,목적지 86번지 인근,010-3931-1960,010-1067-2544,2026-01-07 11:45,250000,야간 할증 적용,예약
26_445,제네시스g240,대구시 319번지 인근,목적지 31번지 인근,010-8555-3515,010-4394-1033,2026-01-06 21:45,130000,차량 내부 청결 유지,완료
26_446,제네시스g250,대구시 370번지 인근,목적지 245번지 인근,010-9173-1454,010-4196-7142,2026-01-06 16:10,150000,야간 할증 적용,예약
26_447,sm13,대구시 330번지 인근,목적지 125번지 인근,010-4105-2572,010-8516-9657,2026-01-06 19:10,130000,없음,대기
26_448,모닝,대구시 440번지 인근,목적지 482번지 인근,010-6259-4548,010-5090-8525,2026-01-07 06:10,230000,정시 도착 요망,대기
26_449,에쿠스,대구시 397번지 인근,목적지 447번지 인근,010-9112-6705,010-4410-7474,2026-01-08 00:10,60000,없음,대기
26_450,벤츠4250,대구시 12번지 인근,목적지 452번지 인근,010-4871-9901,010-4267-9252,2026-01-08 00:00,130000,급송 요청,완료
26_451,벤츠4500,대구시 98번지 인근,목적지 222번지 인근,010-1808-1082,010-6480-8600,2026-01-07 11:30,210000,야간 할증 적용,운행중
26_452,아우디,대구시 418번지 인근,목적지 328번지 인근,010-7412-9218,010-1579-8619,2026-01-07 20:10,50000,비대면 전달,완료
26_453,BMW,대구시 465번지 인근,목적지 479번지 인근,010-4022-8662,010-8927-7732,2026-01-06 11:45,70000,정시 도착 요망,예약
26_454,EV14,대구시 141번지 인근,목적지 33번지 인근,010-2598-7628,010-4580-9017,2026-01-07 05:45,240000,비대면 전달,대기
26_455,코나EV,대구시 319번지 인근,목적지 446번지 인근,010-2196-3984,010-6770-3649,2026-01-08 00:00,200000,비대면 전달,완료
26_456,9톤화물EV,대구시 412번지 인근,목적지 65번지 인근,010-5743-7637,010-4384-1749,2026-01-08 00:00,180000,비대면 전달,운행중
26_457,모델S,대구시 390번지 인근,목적지 95번지 인근,010-1820-3092,010-7526-9286,2026-01-06 21:45,240000,차량 내부 청결 유지,운행중
26_458,모델Y,대구시 48번지 인근,목적지 88번지 인근,010-8164-8089,010-1756-9768,2026-01-07 00:00,120000,없음,대기
26_459,모델X,대구시 203번지 인근,목적지 36번지 인근,010-3005-2308,010-7559-6641,2026-01-07 15:10,90000,없음,예약
26_460,클릭,대구시 213번지 인근,목적지 402번지 인근,010-8020-5193,010-3620-4587,2026-01-07 20:00,60000,야간 할증 적용,완료
26_461,베르나,대구시 25번지 인근,목적지 497번지 인근,010-8340-5189,010-1707-2595,2026-01-06 20:30,110000,야간 할증 적용,대기
26_462,아반떼,대구시 455번지 인근,목적지 67번지 인근,010-8710-2186,010-7656-8372,2026-01-07 12:00,110000,비대면 전달,예약
26_463,제네시스쿠페,대구시 436번지 인근,목적지 422번지 인근,010-8916-1472,010-5161-7966,2026-01-07 13:30,100000,야간 할증 적용,운행중
26_464,투스카니,대구시 293번지 인근,목적지 440번지 인근,010-7819-3007,010-4735-4321,2026-01-08 04:10,120000,차량 내부 청결 유지,예약
26_465,라비타,대구시 239번지 인근,목적지 202번지 인근,010-1090-1766,010-9582-4022,2026-01-07 16:00,70000,비대면 전달,대기
26_466,트라제XG,대구시 279번지 인근,목적지 29번지 인근,010-5742-6829,010-2021-7750,2026-01-07 18:00,120000,급송 요청,운행중
26_467,투싼,대구시 386번지 인근,목적지 310번지 인근,010-7037-5746,010-2336-2984,2026-01-08 07:30,80000,야간 할증 적용,예약
26_468,아이오닉13,대구시 421번지 인근,목적지 246번지 인근,010-7914-6258,010-6656-1714,2026-01-07 13:45,90000,정시 도착 요망,대기
26_469,싼타페,대구시 496번지 인근,목적지 125번지 인근,010-6409-1255,010-2016-4898,2026-01-06 18:10,120000,야간 할증 적용,대기
26_470,넥쏘,대구시 361번지 인근,목적지 408번지 인근,010-9294-1257,010-1078-6443,2026-01-06 15:10,250000,차량 내부 청결 유지,완료
26_471,페리세이드,대구시 88번지 인근,목적지 40번지 인근,010-9439-6055,010-3979-8004,2026-01-07 02:00,80000,정시 도착 요망,대기
26_472,아이오닉14,대구시 93번지 인근,목적지 167번지 인근,010-9686-1889,010-4207-3227,2026-01-06 15:30,120000,정시 도착 요망,예약
26_473,캐스퍼,대구시 461번지 인근,목적지 7번지 인근,010-3211-7498,010-2192-1659,2026-01-06 21:10,70000,없음,예약
26_474,스타리아,대구시 432번지 인근,목적지 314번지 인근,010-8121-7668,010-1541-1206,2026-01-06 10:30,170000,급송 요청,완료
26_475,포터10,대구시 317번지 인근,목적지 361번지 인근,010-3946-1904,010-4252-4420,2026-01-08 00:10,90000,급송 요청,예약
26_476,쏠라티,대구시 310번지 인근,목적지 426번지 인근,010-9887-4143,010-1371-9458,2026-01-07 10:10,210000,야간 할증 적용,운행중
26_477,마이티,대구시 499번지 인근,목적지 389번지 인근,010-6473-7466,010-2387-5726,2026-01-07 13:10,90000,정시 도착 요망,예약
26_478,카운티,대구시 499번지 인근,목적지 382번지 인근,010-2340-4187,010-4396-6450,2026-01-07 22:45,80000,야간 할증 적용,예약
26_479,큐브,대구시 259번지 인근,목적지 286번지 인근,010-5116-8066,010-7585-7442,2026-01-07 11:30,120000,비대면 전달,예약
26_480,피아트,대구시 378번지 인근,목적지 237번지 인근,010-9206-5571,010-3604-6863,2026-01-07 19:45,250000,차량 내부 청결 유지,완료
26_481,폴로,대구시 13번지 인근,목적지 10번지 인근,010-6493-1789,010-3698-4913,2026-01-08 07:00,100000,야간 할증 적용,운행중
26_482,푸조,대구시 74번지 인근,목적지 258번지 인근,010-9932-7472,010-3842-9884,2026-01-07 07:45,150000,비대면 전달,완료
26_483,쥬크,대구시 203번지 인근,목적지 311번지 인근,010-8347-8665,010-6646-4430,2026-01-07 03:10,190000,야간 할증 적용,대기
26_484,시빅,대구시 457번지 인근,목적지 301번지 인근,010-3522-4132,010-4761-8164,2026-01-08 08:00,100000,없음,완료
26_485,포커스,대구시 418번지 인근,목적지 197번지 인근,010-9165-2484,010-6485-4276,2026-01-07 22:10,50000,정시 도착 요망,완료
26_486,골프,대구시 445번지 인근,목적지 322번지 인근,010-8782-3855,010-5031-2045,2026-01-07 11:00,200000,없음,완료
26_487,로그,대구시 362번지 인근,목적지 233번지 인근,010-1955-1974,010-6523-1337,2026-01-08 08:00,140000,차량 내부 청결 유지,운행중
26_488,프리우스,대구시 499번지 인근,목적지 259번지 인근,010-8022-1208,010-8047-8707,2026-01-06 13:10,120000,차량 내부 청결 유지,대기
26_489,티볼리,대구시 368번지 인근,목적지 371번지 인근,010-8208-2168,010-7061-1327,2026-01-06 19:10,230000,정시 도착 요망,대기
26_490,트랙스,대구시 23번지 인근,목적지 77번지 인근,010-4142-7449,010-9158-7797,2026-01-08 05:30,230000,없음,완료
26_491,스토닉,대구시 374번지 인근,목적지 257번지 인근,010-8967-8884,010-1307-6013,2026-01-08 09:10,120000,정시 도착 요망,운행중
26_492,베뉴,대구시 85번지 인근,목적지 43번지 인근,010-8353-9901,010-6045-5860,2026-01-07 16:10,150000,급송 요청,대기
26_493,GV300,대구시 172번지 인근,목적지 322번지 인근,010-6610-8142,010-4471-6827,2026-01-07 19:30,170000,정시 도착 요망,예약
26_494,GV310,대구시 127번지 인근,목적지 24번지 인근,010-8482-1795,010-4612-4952,2026-01-06 11:10,80000,급송 요청,완료
26_495,GV320,대구시 18번지 인근,목적지 433번지 인근,010-9568-3271,010-3813-2035,2026-01-08 05:30,140000,급송 요청,운행중
26_496,소나타,대구시 51번지 인근,목적지 70번지 인근,010-6315-6296,010-5389-3512,2026-01-07 09:10,220000,비대면 전달,운행중
26_497,그랜저,대구시 122번지 인근,목적지 83번지 인근,010-8889-1832,010-9031-8858,2026-01-06 17:10,180000,차량 내부 청결 유지,예약
26_498,봉고10톤오토,대구시 37번지 인근,목적지 329번지 인근,010-1445-9832,010-7612-7392,2026-01-06 20:30,160000,없음,대기
26_499,코란도스포츠,대구시 87번지 인근,목적지 266번지 인근,010-5787-7564,010-3162-3003,2026-01-07 02:10,240000,급송 요청,예약
26_500,제네시스g260,대구시 450번지 인근,목적지 352번지 인근,010-2154-6018,010-9243-5892,2026-01-07 09:00,80000,급송 요청,완료
26_501,제네시스g270,대전시 12번지 인근,목적지 489번지 인근,010-8308-3674,010-6078-7826,2026-01-06 09:10,100000,차량 내부 청결 유지,예약
26_502,sm14,대전시 226번지 인근,목적지 353번지 인근,010-9631-8302,010-1494-9496,2026-01-08 07:10,120000,없음,대기
26_503,모닝,대전시 491번지 인근,목적지 219번지 인근,010-8068-5790,010-8930-4078,2026-01-07 13:45,240000,비대면 전달,예약
26_504,에쿠스,대전시 87번지 인근,목적지 246번지 인근,010-4522-2897,010-9089-6134,2026-01-08 04:45,90000,없음,대기
26_505,벤츠4750,대전시 242번지 인근,목적지 357번지 인근,010-7691-7669,010-2414-4958,2026-01-07 13:30,220000,비대면 전달,대기
26_506,벤츠5000,대전시 88번지 인근,목적지 420번지 인근,010-7395-6436,010-2934-3269,2026-01-06 12:30,200000,정시 도착 요망,예약
26_507,아우디,대전시 456번지 인근,목적지 307번지 인근,010-3846-9250,010-1976-6226,2026-01-06 20:45,130000,비대면 전달,완료
26_508,BMW,대전시 407번지 인근,목적지 480번지 인근,010-5587-7312,010-3632-2372,2026-01-06 21:10,220000,야간 할증 적용,운행중
26_509,EV15,대전시 321번지 인근,목적지 102번지 인근,010-6067-6028,010-9667-8967,2026-01-06 21:10,200000,급송 요청,완료
26_510,코나EV,대전시 6번지 인근,목적지 430번지 인근,010-3787-1011,010-8420-7375,2026-01-06 18:10,50000,없음,운행중
26_511,10톤화물EV,대전시 122번지 인근,목적지 241번지 인근,010-3628-9716,010-2696-1868,2026-01-08 07:30,60000,정시 도착 요망,운행중
26_512,모델S,대전시 225번지 인근,목적지 292번지 인근,010-3873-7670,010-4311-5189,2026-01-07 15:45,140000,야간 할증 적용,대기
26_513,모델Y,대전시 60번지 인근,목적지 452번지 인근,010-4926-8497,010-8265-8427,2026-01-07 15:30,210000,차량 내부 청결 유지,운행중
26_514,모델X,대전시 294번지 인근,목적지 311번지 인근,010-9063-7368,010-9033-1453,2026-01-08 08:30,120000,차량 내부 청결 유지,운행중
26_515,클릭,대전시 86번지 인근,목적지 125번지 인근,010-2948-9597,010-4725-7184,2026-01-07 18:30,100000,비대면 전달,완료
26_516,베르나,대전시 387번지 인근,목적지 259번지 인근,010-8768-2732,010-9553-2224,2026-01-08 04:30,200000,차량 내부 청결 유지,운행중
26_517,아반떼,대전시 237번지 인근,목적지 111번지 인근,010-4847-8914,010-4425-7411,2026-01-06 18:45,110000,비대면 전달,대기
26_518,제네시스쿠페,대전시 205번지 인근,목적지 247번지 인근,010-7119-6023,010-3282-3398,2026-01-06 14:00,110000,비대면 전달,예약
26_519,투스카니,대전시 218번지 인근,목적지 170번지 인근,010-2825-7779,010-7171-3456,2026-01-08 06:10,70000,비대면 전달,대기
26_520,라비타,대전시 299번지 인근,목적지 37번지 인근,010-8558-6953,010-4745-8421,2026-01-06 16:10,130000,비대면 전달,완료
26_521,트라제XG,대전시 34번지 인근,목적지 24번지 인근,010-9408-2069,010-1338-6127,2026-01-07 22:10,100000,정시 도착 요망,대기
26_522,투싼,대전시 326번지 인근,목적지 399번지 인근,010-7528-9145,010-8214-8264,2026-01-07 21:30,210000,비대면 전달,완료
26_523,아이오닉14,대전시 198번지 인근,목적지 169번지 인근,010-6207-8693,010-6430-2176,2026-01-07 17:45,90000,없음,운행중
26_524,싼타페,대전시 148번지 인근,목적지 230번지 인근,010-3494-3203,010-7640-9320,2026-01-08 07:00,220000,차량 내부 청결 유지,완료
26_525,넥쏘,대전시 369번지 인근,목적지 287번지 인근,010-8599-2727,010-1169-5957,2026-01-07 17:00,230000,급송 요청,예약
26_526,페리세이드,대전시 448번지 인근,목적지 109번지 인근,010-1050-1581,010-6236-5954,2026-01-08 06:30,220000,차량 내부 청결 유지,대기
26_527,아이오닉15,대전시 467번지 인근,목적지 462번지 인근,010-9883-3521,010-6962-5920,2026-01-08 06:30,60000,비대면 전달,완료
26_528,캐스퍼,대전시 67번지 인근,목적지 460번지 인근,010-6811-9908,010-7728-5862,2026-01-06 13:30,60000,야간 할증 적용,운행중
26_529,스타리아,대전시 70번지 인근,목적지 267번지 인근,010-8828-4073,010-3805-5976,2026-01-08 05:00,50000,야간 할증 적용,대기
26_530,포터11,대전시 348번지 인근,목적지 464번지 인근,010-6833-2688,010-9819-4912,2026-01-07 20:45,130000,없음,완료
26_531,쏠라티,대전시 94번지 인근,목적지 348번지 인근,010-9776-9728,010-5036-3263,2026-01-06 11:45,50000,정시 도착 요망,운행중
26_532,마이티,대전시 363번지 인근,목적지 70번지 인근,010-7486-6901,010-9746-2593,2026-01-08 06:10,120000,정시 도착 요망,예약
26_533,카운티,대전시 293번지 인근,목적지 244번지 인근,010-9554-3630,010-7115-5861,2026-01-07 03:00,100000,비대면 전달,운행중
26_534,큐브,대전시 363번지 인근,목적지 199번지 인근,010-9754-6767,010-1449-4567,2026-01-07 03:00,170000,급송 요청,완료
26_535,피아트,대전시 131번지 인근,목적지 209번지 인근,010-7800-7951,010-8034-9787,2026-01-07 19:45,230000,급송 요청,대기
26_536,폴로,대전시 420번지 인근,목적지 335번지 인근,010-6615-5681,010-2679-2479,2026-01-06 18:30,140000,없음,운행중
26_537,푸조,대전시 389번지 인근,목적지 260번지 인근,010-6503-9421,010-9751-9632,2026-01-07 02:00,120000,정시 도착 요망,운행중
26_538,쥬크,대전시 84번지 인근,목적지 6번지 인근,010-5828-6498,010-9760-3396,2026-01-07 17:00,80000,야간 할증 적용,운행중
26_539,시빅,대전시 50번지 인근,목적지 445번지 인근,010-5304-9571,010-9549-7163,2026-01-08 07:10,120000,야간 할증 적용,완료
26_540,포커스,대전시 145번지 인근,목적지 237번지 인근,010-9214-1911,010-7595-4067,2026-01-07 07:10,160000,없음,대기
26_541,골프,대전시 5번지 인근,목적지 35번지 인근,010-6457-1725,010-3437-6735,2026-01-08 07:45,150000,없음,대기
26_542,로그,대전시 387번지 인근,목적지 498번지 인근,010-9218-4524,010-5082-6857,2026-01-06 15:30,230000,없음,완료
26_543,프리우스,대전시 413번지 인근,목적지 29번지 인근,010-5775-3666,010-3496-3832,2026-01-06 21:00,90000,급송 요청,완료
26_544,티볼리,대전시 20번지 인근,목적지 185번지 인근,010-6172-4042,010-8484-1601,2026-01-07 22:30,200000,정시 도착 요망,완료
26_545,트랙스,대전시 294번지 인근,목적지 359번지 인근,010-9936-9555,010-3730-4812,2026-01-07 19:10,90000,비대면 전달,예약
26_546,스토닉,대전시 21번지 인근,목적지 410번지 인근,010-1951-8853,010-6326-7387,2026-01-06 14:10,50000,비대면 전달,완료
26_547,베뉴,대전시 237번지 인근,목적지 2번지 인근,010-5396-9908,010-6845-3358,2026-01-07 23:10,240000,정시 도착 요망,운행중
26_548,GV330,대전시 406번지 인근,목적지 147번지 인근,010-7563-4709,010-8881-8298,2026-01-06 17:00,110000,야간 할증 적용,대기
26_549,GV340,대전시 256번지 인근,목적지 264번지 인근,010-9529-2208,010-1007-2196,2026-01-07 02:10,170000,정시 도착 요망,대기
26_550,GV350,대전시 307번지 인근,목적지 495번지 인근,010-4223-6350,010-8491-5870,2026-01-08 04:30,240000,정시 도착 요망,예약
26_551,소나타,대전시 43번지 인근,목적지 239번지 인근,010-9176-2881,010-4644-9475,2026-01-06 18:10,70000,급송 요청,예약
26_552,그랜저,대전시 467번지 인근,목적지 460번지 인근,010-9286-5250,010-4819-7622,2026-01-07 00:00,190000,급송 요청,예약
26_553,봉고11톤오토,대전시 46번지 인근,목적지 418번지 인근,010-9007-6416,010-6859-9226,2026-01-07 00:00,70000,정시 도착 요망,운행중
26_554,코란도스포츠,대전시 409번지 인근,목적지 430번지 인근,010-3274-9205,010-8382-8106,2026-01-06 21:30,100000,차량 내부 청결 유지,완료
26_555,제네시스g280,대전시 500번지 인근,목적지 89번지 인근,010-7687-6554,010-8441-4753,2026-01-07 07:30,110000,야간 할증 적용,운행중
26_556,제네시스g290,대전시 127번지 인근,목적지 114번지 인근,010-2262-9111,010-4877-9021,2026-01-06 10:30,150000,야간 할증 적용,예약
26_557,sm15,대전시 220번지 인근,목적지 261번지 인근,010-3175-9515,010-7964-1804,2026-01-08 06:10,150000,차량 내부 청결 유지,대기
26_558,모닝,대전시 386번지 인근,목적지 388번지 인근,010-9822-3802,010-7634-5356,2026-01-06 09:30,130000,비대면 전달,완료
26_559,에쿠스,대전시 303번지 인근,목적지 329번지 인근,010-7292-4404,010-5819-2402,2026-01-08 01:00,180000,급송 요청,예약
26_560,벤츠5250,대전시 260번지 인근,목적지 302번지 인근,010-2022-5667,010-9248-2495,2026-01-07 20:00,140000,비대면 전달,완료
26_561,벤츠5500,대전시 294번지 인근,목적지 234번지 인근,010-6490-8895,010-3456-1219,2026-01-08 08:10,190000,정시 도착 요망,완료
26_562,아우디,대전시 126번지 인근,목적지 396번지 인근,010-1774-7791,010-6148-4090,2026-01-06 16:00,120000,야간 할증 적용,예약
26_563,BMW,대전시 5번지 인근,목적지 189번지 인근,010-9177-2683,010-6525-7925,2026-01-07 04:45,240000,차량 내부 청결 유지,운행중
26_564,EV16,대전시 272번지 인근,목적지 272번지 인근,010-9470-6843,010-1784-8978,2026-01-06 18:45,100000,없음,운행중
26_565,코나EV,대전시 429번지 인근,목적지 236번지 인근,010-4581-1841,010-1181-3431,2026-01-07 09:45,200000,정시 도착 요망,대기
26_566,11톤화물EV,대전시 256번지 인근,목적지 181번지 인근,010-7714-7590,010-5617-1904,2026-01-06 21:10,60000,정시 도착 요망,대기
26_567,모델S,대전시 270번지 인근,목적지 147번지 인근,010-8103-2289,010-4035-9152,2026-01-08 03:30,50000,정시 도착 요망,대기
26_568,모델Y,대전시 18번지 인근,목적지 352번지 인근,010-6805-1941,010-3394-9030,2026-01-06 14:30,120000,급송 요청,예약
26_569,모델X,대전시 154번지 인근,목적지 59번지 인근,010-1534-6882,010-4811-6806,2026-01-07 01:00,150000,급송 요청,대기
26_570,클릭,대전시 174번지 인근,목적지 206번지 인근,010-5455-1117,010-9547-6062,2026-01-07 13:10,70000,정시 도착 요망,대기
26_571,베르나,대전시 196번지 인근,목적지 404번지 인근,010-9144-9072,010-8468-7361,2026-01-06 13:00,160000,야간 할증 적용,예약
26_572,아반떼,대전시 460번지 인근,목적지 40번지 인근,010-2969-3058,010-3681-2963,2026-01-06 16:45,240000,급송 요청,대기
26_573,제네시스쿠페,대전시 422번지 인근,목적지 295번지 인근,010-2153-6058,010-7689-4467,2026-01-08 08:00,220000,비대면 전달,예약
26_574,투스카니,대전시 110번지 인근,목적지 57번지 인근,010-6118-6445,010-2474-8061,2026-01-07 12:45,110000,차량 내부 청결 유지,운행중
26_575,라비타,대전시 397번지 인근,목적지 247번지 인근,010-6182-1033,010-7863-4318,2026-01-06 21:10,220000,비대면 전달,예약
26_576,트라제XG,대전시 285번지 인근,목적지 79번지 인근,010-2427-4725,010-5564-7713,2026-01-06 14:30,200000,비대면 전달,완료
26_577,투싼,대전시 251번지 인근,목적지 103번지 인근,010-8649-5355,010-8669-8047,2026-01-07 07:10,230000,없음,예약
26_578,아이오닉15,대전시 132번지 인근,목적지 80번지 인근,010-4191-6074,010-2796-7907,2026-01-07 11:10,110000,차량 내부 청결 유지,운행중
26_579,싼타페,대전시 497번지 인근,목적지 352번지 인근,010-4622-7549,010-7919-3234,2026-01-07 13:10,240000,야간 할증 적용,예약
26_580,넥쏘,대전시 267번지 인근,목적지 7번지 인근,010-9714-8483,010-4073-8651,2026-01-07 10:45,220000,없음,대기
26_581,페리세이드,대전시 402번지 인근,목적지 282번지 인근,010-6447-1153,010-4329-6705,2026-01-06 13:00,120000,비대면 전달,완료
26_582,아이오닉16,대전시 293번지 인근,목적지 119번지 인근,010-5974-5134,010-6512-3215,2026-01-07 12:00,200000,정시 도착 요망,대기
26_583,캐스퍼,대전시 349번지 인근,목적지 103번지 인근,010-1646-7238,010-2119-6107,2026-01-07 20:45,130000,비대면 전달,완료
26_584,스타리아,대전시 393번지 인근,목적지 100번지 인근,010-5266-5430,010-4379-6220,2026-01-06 15:10,220000,야간 할증 적용,대기
26_585,포터12,대전시 12번지 인근,목적지 447번지 인근,010-7099-4581,010-3352-4420,2026-01-07 06:30,210000,없음,예약
26_586,쏠라티,대전시 487번지 인근,목적지 183번지 인근,010-6506-9822,010-9371-9195,2026-01-06 14:30,230000,차량 내부 청결 유지,완료
26_587,마이티,대전시 279번지 인근,목적지 28번지 인근,010-1137-7485,010-8727-9187,2026-01-08 01:00,250000,차량 내부 청결 유지,운행중
26_588,카운티,대전시 128번지 인근,목적지 321번지 인근,010-2662-2464,010-9145-8083,2026-01-06 14:45,190000,급송 요청,대기
26_589,큐브,대전시 478번지 인근,목적지 372번지 인근,010-2240-2913,010-2568-3430,2026-01-08 09:00,180000,없음,완료
26_590,피아트,대전시 225번지 인근,목적지 159번지 인근,010-8379-2782,010-8285-1629,2026-01-07 23:10,220000,야간 할증 적용,운행중
26_591,폴로,대전시 312번지 인근,목적지 230번지 인근,010-4884-9185,010-3536-6863,2026-01-06 23:30,220000,차량 내부 청결 유지,운행중
26_592,푸조,대전시 319번지 인근,목적지 229번지 인근,010-2744-6925,010-9117-1816,2026-01-07 08:30,200000,야간 할증 적용,예약
26_593,쥬크,대전시 156번지 인근,목적지 346번지 인근,010-6328-8014,010-9781-2204,2026-01-06 16:45,50000,없음,대기
26_594,시빅,대전시 313번지 인근,목적지 211번지 인근,010-7791-2843,010-3420-6711,2026-01-06 21:30,80000,정시 도착 요망,완료
26_595,포커스,대전시 318번지 인근,목적지 150번지 인근,010-7636-8074,010-9183-8087,2026-01-07 02:10,80000,야간 할증 적용,예약
26_596,골프,대전시 3번지 인근,목적지 77번지 인근,010-4228-6317,010-1989-9496,2026-01-07 05:10,80000,비대면 전달,운행중
26_597,로그,대전시 96번지 인근,목적지 402번지 인근,010-5486-7284,010-4525-1275,2026-01-06 17:45,180000,정시 도착 요망,운행중
26_598,프리우스,대전시 185번지 인근,목적지 342번지 인근,010-7073-2766,010-4948-1882,2026-01-06 20:10,80000,차량 내부 청결 유지,완료
26_599,티볼리,대전시 255번지 인근,목적지 7번지 인근,010-1529-4384,010-3720-7065,2026-01-07 15:30,110000,야간 할증 적용,예약
26_600,트랙스,대전시 254번지 인근,목적지 474번지 인근,010-9749-4153,010-9908-8805,2026-01-08 04:30,220000,정시 도착 요망,예약
26_601,스토닉,광주시 47번지 인근,목적지 478번지 인근,010-3656-9511,010-3682-5737,2026-01-07 10:45,240000,정시 도착 요망,완료
26_602,베뉴,광주시 364번지 인근,목적지 182번지 인근,010-8804-1406,010-4602-6870,2026-01-07 22:45,170000,정시 도착 요망,완료
26_603,GV360,광주시 448번지 인근,목적지 445번지 인근,010-5303-4604,010-6377-5515,2026-01-06 15:00,70000,차량 내부 청결 유지,대기
26_604,GV370,광주시 224번지 인근,목적지 269번지 인근,010-5921-1041,010-7541-4539,2026-01-07 09:00,220000,없음,완료
26_605,GV380,광주시 391번지 인근,목적지 362번지 인근,010-3987-2908,010-8505-3489,2026-01-06 15:10,90000,정시 도착 요망,완료
26_606,소나타,광주시 447번지 인근,목적지 91번지 인근,010-4868-2829,010-2802-8450,2026-01-07 19:10,200000,급송 요청,대기
26_607,그랜저,광주시 204번지 인근,목적지 416번지 인근,010-1494-6982,010-6098-5383,2026-01-07 02:45,80000,없음,대기
26_608,봉고12톤오토,광주시 458번지 인근,목적지 96번지 인근,010-9198-1450,010-9550-4507,2026-01-07 11:30,130000,급송 요청,예약
26_609,코란도스포츠,광주시 455번지 인근,목적지 65번지 인근,010-9702-5808,010-7510-6920,2026-01-07 20:10,220000,없음,완료
26_610,제네시스g300,광주시 139번지 인근,목적지 335번지 인근,010-6641-6890,010-1371-2221,2026-01-07 07:00,220000,비대면 전달,운행중
26_611,제네시스g310,광주시 237번지 인근,목적지 391번지 인근,010-4077-7939,010-6514-1948,2026-01-07 05:00,230000,비대면 전달,대기
26_612,sm16,광주시 461번지 인근,목적지 372번지 인근,010-3417-6867,010-9127-2573,2026-01-06 21:45,250000,급송 요청,완료
26_613,모닝,광주시 486번지 인근,목적지 324번지 인근,010-6349-1332,010-8434-3045,2026-01-08 07:45,200000,정시 도착 요망,대기
26_614,에쿠스,광주시 413번지 인근,목적지 453번지 인근,010-3956-5220,010-4592-5058,2026-01-07 11:00,120000,없음,대기
26_615,벤츠5750,광주시 373번지 인근,목적지 244번지 인근,010-8852-7352,010-4192-8222,2026-01-07 15:10,130000,차량 내부 청결 유지,예약
26_616,벤츠6000,광주시 126번지 인근,목적지 288번지 인근,010-2551-4083,010-7396-2061,2026-01-08 04:45,160000,비대면 전달,운행중
26_617,아우디,광주시 90번지 인근,목적지 252번지 인근,010-8205-5879,010-3076-9172,2026-01-08 02:00,170000,차량 내부 청결 유지,대기
26_618,BMW,광주시 142번지 인근,목적지 331번지 인근,010-9937-7474,010-8473-8332,2026-01-06 19:30,230000,차량 내부 청결 유지,대기
26_619,EV17,광주시 17번지 인근,목적지 169번지 인근,010-4445-8933,010-6811-8957,2026-01-07 17:30,210000,없음,완료
26_620,코나EV,광주시 43번지 인근,목적지 448번지 인근,010-4464-8770,010-5605-5237,2026-01-06 14:45,190000,정시 도착 요망,완료
26_621,12톤화물EV,광주시 455번지 인근,목적지 298번지 인근,010-4979-8212,010-5460-2583,2026-01-07 21:00,200000,차량 내부 청결 유지,운행중
26_622,모델S,광주시 158번지 인근,목적지 172번지 인근,010-5023-2522,010-6961-3809,2026-01-07 05:45,150000,차량 내부 청결 유지,예약
26_623,모델Y,광주시 151번지 인근,목적지 388번지 인근,010-1639-3218,010-4011-8689,2026-01-08 01:45,140000,급송 요청,완료
26_624,모델X,광주시 227번지 인근,목적지 400번지 인근,010-1359-1439,010-5524-4489,2026-01-07 02:00,80000,없음,대기
26_625,클릭,광주시 165번지 인근,목적지 279번지 인근,010-9777-2401,010-9774-6578,2026-01-08 08:00,80000,급송 요청,운행중
26_626,베르나,광주시 242번지 인근,목적지 119번지 인근,010-8808-5014,010-8719-3012,2026-01-07 18:30,140000,차량 내부 청결 유지,예약
26_627,아반떼,광주시 404번지 인근,목적지 353번지 인근,010-4355-1286,010-1735-7926,2026-01-07 00:00,110000,없음,예약
26_628,제네시스쿠페,광주시 187번지 인근,목적지 426번지 인근,010-7447-3935,010-5800-1679,2026-01-06 17:00,240000,급송 요청,완료
26_629,투스카니,광주시 204번지 인근,목적지 215번지 인근,010-7649-6801,010-9598-2208,2026-01-07 11:00,160000,없음,완료
26_630,라비타,광주시 79번지 인근,목적지 111번지 인근,010-6011-5864,010-7655-5198,2026-01-07 04:10,110000,없음,대기
26_631,트라제XG,광주시 277번지 인근,목적지 434번지 인근,010-8614-2588,010-5673-3363,2026-01-07 13:00,210000,야간 할증 적용,운행중
26_632,투싼,광주시 71번지 인근,목적지 49번지 인근,010-7925-3186,010-9468-4862,2026-01-06 22:00,100000,급송 요청,예약
26_633,아이오닉16,광주시 329번지 인근,목적지 434번지 인근,010-5462-9529,010-8763-1507,2026-01-07 06:30,170000,정시 도착 요망,예약
26_634,싼타페,광주시 326번지 인근,목적지 57번지 인근,010-2154-6669,010-4333-7408,2026-01-07 07:00,150000,정시 도착 요망,예약
26_635,넥쏘,광주시 234번지 인근,목적지 204번지 인근,010-6920-7681,010-3568-5431,2026-01-07 07:30,110000,급송 요청,완료
26_636,페리세이드,광주시 125번지 인근,목적지 258번지 인근,010-3317-8438,010-8111-7195,2026-01-07 23:00,190000,급송 요청,예약
26_637,아이오닉17,광주시 315번지 인근,목적지 471번지 인근,010-3716-5075,010-8981-8674,2026-01-06 21:10,70000,야간 할증 적용,완료
26_638,캐스퍼,광주시 251번지 인근,목적지 352번지 인근,010-5190-9851,010-1855-3257,2026-01-07 09:45,60000,차량 내부 청결 유지,예약
26_639,스타리아,광주시 188번지 인근,목적지 252번지 인근,010-7624-4694,010-4193-7036,2026-01-06 22:30,110000,비대면 전달,예약
26_640,포터13,광주시 66번지 인근,목적지 69번지 인근,010-8144-3960,010-3509-6774,2026-01-06 11:45,160000,차량 내부 청결 유지,예약
26_641,쏠라티,광주시 70번지 인근,목적지 191번지 인근,010-6792-9423,010-6791-9335,2026-01-07 05:10,130000,급송 요청,운행중
26_642,마이티,광주시 101번지 인근,목적지 157번지 인근,010-7223-1561,010-9667-8895,2026-01-08 04:00,180000,정시 도착 요망,완료
26_643,카운티,광주시 373번지 인근,목적지 67번지 인근,010-5743-5654,010-6890-4381,2026-01-07 21:45,230000,야간 할증 적용,완료
26_644,큐브,광주시 275번지 인근,목적지 427번지 인근,010-2422-9842,010-8779-4974,2026-01-06 18:45,180000,없음,예약
26_645,피아트,광주시 68번지 인근,목적지 370번지 인근,010-8037-1846,010-5085-9248,2026-01-07 02:00,100000,정시 도착 요망,대기
26_646,폴로,광주시 85번지 인근,목적지 221번지 인근,010-1704-8509,010-7631-8601,2026-01-08 04:30,180000,차량 내부 청결 유지,운행중
26_647,푸조,광주시 37번지 인근,목적지 173번지 인근,010-1312-1938,010-4021-3613,2026-01-07 16:00,160000,야간 할증 적용,완료
26_648,쥬크,광주시 324번지 인근,목적지 34번지 인근,010-8692-4296,010-6178-6597,2026-01-07 07:30,200000,없음,예약
26_649,시빅,광주시 89번지 인근,목적지 245번지 인근,010-9768-1854,010-7502-1585,2026-01-07 07:30,240000,야간 할증 적용,운행중
26_650,포커스,광주시 230번지 인근,목적지 85번지 인근,010-6088-1932,010-1790-2995,2026-01-07 00:10,170000,차량 내부 청결 유지,대기
26_651,골프,광주시 38번지 인근,목적지 129번지 인근,010-7979-4146,010-5633-6381,2026-01-06 21:10,210000,정시 도착 요망,예약
26_652,로그,광주시 13번지 인근,목적지 28번지 인근,010-6365-3786,010-3814-1766,2026-01-08 03:00,170000,차량 내부 청결 유지,대기
26_653,프리우스,광주시 5번지 인근,목적지 279번지 인근,010-6379-3329,010-7519-5166,2026-01-08 05:45,50000,정시 도착 요망,예약
26_654,티볼리,광주시 61번지 인근,목적지 11번지 인근,010-2957-2654,010-7327-6398,2026-01-07 18:00,150000,급송 요청,완료
26_655,트랙스,광주시 188번지 인근,목적지 205번지 인근,010-3731-5188,010-1436-5105,2026-01-07 12:45,170000,정시 도착 요망,운행중
26_656,스토닉,광주시 246번지 인근,목적지 286번지 인근,010-2644-9813,010-5571-4489,2026-01-07 08:00,110000,없음,운행중
26_657,베뉴,광주시 162번지 인근,목적지 155번지 인근,010-5593-6079,010-7850-6840,2026-01-07 06:45,70000,차량 내부 청결 유지,대기
26_658,GV390,광주시 217번지 인근,목적지 82번지 인근,010-8969-8993,010-2398-8272,2026-01-07 13:00,160000,급송 요청,예약
26_659,GV400,광주시 295번지 인근,목적지 67번지 인근,010-3937-7679,010-9760-7633,2026-01-06 14:30,200000,정시 도착 요망,완료
26_660,GV410,광주시 106번지 인근,목적지 365번지 인근,010-7595-2489,010-5856-9169,2026-01-06 17:00,130000,차량 내부 청결 유지,운행중
26_661,소나타,광주시 72번지 인근,목적지 200번지 인근,010-6816-5305,010-7136-1230,2026-01-07 00:45,220000,정시 도착 요망,대기
26_662,그랜저,광주시 338번지 인근,목적지 317번지 인근,010-8276-2797,010-1087-2284,2026-01-07 13:30,110000,없음,완료
26_663,봉고13톤오토,광주시 62번지 인근,목적지 313번지 인근,010-9507-6106,010-2034-8142,2026-01-07 06:45,110000,정시 도착 요망,완료
26_664,코란도스포츠,광주시 497번지 인근,목적지 55번지 인근,010-9990-6998,010-8490-8956,2026-01-06 18:30,250000,급송 요청,대기
26_665,제네시스g320,광주시 267번지 인근,목적지 296번지 인근,010-2618-4623,010-6719-5135,2026-01-08 01:30,80000,정시 도착 요망,운행중
26_666,제네시스g330,광주시 401번지 인근,목적지 303번지 인근,010-9148-2575,010-8142-1340,2026-01-07 17:30,210000,급송 요청,완료
26_667,sm17,광주시 123번지 인근,목적지 53번지 인근,010-7054-5357,010-4539-5980,2026-01-07 18:30,50000,비대면 전달,완료
26_668,모닝,광주시 246번지 인근,목적지 198번지 인근,010-1959-6605,010-4736-1735,2026-01-07 22:10,200000,없음,대기
26_669,에쿠스,광주시 456번지 인근,목적지 329번지 인근,010-4803-8409,010-6846-4867,2026-01-07 17:10,170000,정시 도착 요망,운행중
26_670,벤츠6250,광주시 54번지 인근,목적지 46번지 인근,010-5644-3308,010-6850-3440,2026-01-07 07:30,210000,비대면 전달,예약
26_671,벤츠6500,광주시 7번지 인근,목적지 500번지 인근,010-9613-6453,010-3368-2470,2026-01-07 01:10,220000,없음,운행중
26_672,아우디,광주시 8번지 인근,목적지 374번지 인근,010-9140-7080,010-3154-8408,2026-01-08 07:30,170000,정시 도착 요망,완료
26_673,BMW,광주시 184번지 인근,목적지 276번지 인근,010-2748-9990,010-4951-8672,2026-01-06 18:45,180000,정시 도착 요망,완료
26_674,EV18,광주시 148번지 인근,목적지 336번지 인근,010-6579-6414,010-1617-3589,2026-01-06 23:00,100000,없음,운행중
26_675,코나EV,광주시 140번지 인근,목적지 424번지 인근,010-4006-7678,010-1986-9523,2026-01-07 10:10,120000,차량 내부 청결 유지,대기
26_676,13톤화물EV,광주시 424번지 인근,목적지 180번지 인근,010-6588-2170,010-1738-1079,2026-01-07 03:10,100000,없음,예약
26_677,모델S,광주시 154번지 인근,목적지 203번지 인근,010-6863-2994,010-7371-4567,2026-01-06 21:45,150000,없음,대기
26_678,모델Y,광주시 450번지 인근,목적지 390번지 인근,010-8912-1935,010-9073-3577,2026-01-07 19:30,110000,차량 내부 청결 유지,운행중
26_679,모델X,광주시 301번지 인근,목적지 148번지 인근,010-4090-8656,010-5241-7796,2026-01-07 05:10,230000,급송 요청,예약
26_680,클릭,광주시 57번지 인근,목적지 499번지 인근,010-5112-5269,010-6190-6326,2026-01-07 14:10,120000,없음,예약
26_681,베르나,광주시 156번지 인근,목적지 261번지 인근,010-7636-6959,010-7665-5017,2026-01-06 09:45,160000,없음,완료
26_682,아반떼,광주시 177번지 인근,목적지 298번지 인근,010-7766-3696,010-2568-3375,2026-01-07 17:30,140000,없음,운행중
26_683,제네시스쿠페,광주시 342번지 인근,목적지 69번지 인근,010-6493-1645,010-6174-1456,2026-01-06 22:45,240000,비대면 전달,예약
26_684,투스카니,광주시 145번지 인근,목적지 461번지 인근,010-4406-7280,010-5303-9095,2026-01-08 08:10,60000,없음,예약
26_685,라비타,광주시 73번지 인근,목적지 213번지 인근,010-8547-1677,010-4914-9035,2026-01-06 16:10,180000,없음,대기
26_686,트라제XG,광주시 420번지 인근,목적지 145번지 인근,010-3099-3000,010-8842-4083,2026-01-07 18:45,60000,없음,완료
26_687,투싼,광주시 129번지 인근,목적지 315번지 인근,010-9133-9464,010-4230-9765,2026-01-07 09:30,50000,차량 내부 청결 유지,대기
26_688,아이오닉17,광주시 67번지 인근,목적지 156번지 인근,010-5902-5424,010-5795-1453,2026-01-07 14:30,180000,야간 할증 적용,대기
26_689,싼타페,광주시 344번지 인근,목적지 429번지 인근,010-7860-3765,010-7020-4543,2026-01-07 21:30,230000,차량 내부 청결 유지,대기
26_690,넥쏘,광주시 493번지 인근,목적지 211번지 인근,010-1116-4905,010-6962-4572,2026-01-07 18:30,160000,야간 할증 적용,대기
26_691,페리세이드,광주시 186번지 인근,목적지 89번지 인근,010-2066-1680,010-4547-3615,2026-01-06 16:10,80000,정시 도착 요망,예약
26_692,아이오닉18,광주시 105번지 인근,목적지 46번지 인근,010-5428-9795,010-7811-9266,2026-01-06 13:30,190000,야간 할증 적용,대기
26_693,캐스퍼,광주시 141번지 인근,목적지 227번지 인근,010-1125-2806,010-5608-7835,2026-01-06 18:10,200000,차량 내부 청결 유지,완료
26_694,스타리아,광주시 179번지 인근,목적지 131번지 인근,010-9165-8900,010-5594-8747,2026-01-06 17:30,250000,비대면 전달,완료
26_695,포터14,광주시 213번지 인근,목적지 170번지 인근,010-6310-6096,010-4154-2255,2026-01-07 17:00,240000,정시 도착 요망,완료
26_696,쏠라티,광주시 282번지 인근,목적지 119번지 인근,010-7546-7407,010-9216-2413,2026-01-06 14:45,130000,급송 요청,운행중
26_697,마이티,광주시 149번지 인근,목적지 49번지 인근,010-7207-8307,010-2125-7314,2026-01-07 09:00,220000,비대면 전달,대기
26_698,카운티,광주시 263번지 인근,목적지 392번지 인근,010-2427-6861,010-4371-6282,2026-01-07 01:00,150000,급송 요청,완료
26_699,큐브,광주시 1번지 인근,목적지 150번지 인근,010-6146-6619,010-3886-1231,2026-01-08 04:30,70000,차량 내부 청결 유지,예약
26_700,피아트,광주시 270번지 인근,목적지 265번지 인근,010-6855-9273,010-4930-5638,2026-01-06 22:30,170000,급송 요청,예약
26_701,폴로,울산시시 35번지 인근,목적지 18번지 인근,010-1177-3240,010-8221-5145,2026-01-07 18:45,160000,야간 할증 적용,대기
26_702,푸조,울산시시 274번지 인근,목적지 464번지 인근,010-9171-5041,010-2997-6899,2026-01-07 09:45,200000,비대면 전달,예약
26_703,쥬크,울산시 27번지 인근,목적지 157번지 인근,010-8506-1093,010-6012-1876,2026-01-08 01:45,130000,비대면 전달,운행중
26_704,시빅,울산시 40번지 인근,목적지 190번지 인근,010-9306-6141,010-5386-2539,2026-01-07 00:45,210000,정시 도착 요망,예약
26_705,포커스,울산시 10번지 인근,목적지 96번지 인근,010-5464-1905,010-7321-1029,2026-01-06 20:30,220000,급송 요청,예약
26_706,골프,울산시 343번지 인근,목적지 26번지 인근,010-5079-5888,010-9832-5997,2026-01-07 21:45,210000,정시 도착 요망,예약
26_707,로그,울산시 372번지 인근,목적지 346번지 인근,010-2403-3191,010-6966-2955,2026-01-08 00:10,240000,비대면 전달,예약
26_708,프리우스,울산시 61번지 인근,목적지 79번지 인근,010-4698-6012,010-4735-2601,2026-01-08 04:45,250000,야간 할증 적용,대기
26_709,티볼리,울산시 123번지 인근,목적지 465번지 인근,010-5956-7631,010-7114-9200,2026-01-07 04:45,240000,정시 도착 요망,예약
26_710,트랙스,울산시 177번지 인근,목적지 257번지 인근,010-8950-6645,010-7037-1313,2026-01-07 11:00,80000,정시 도착 요망,대기
26_711,스토닉,울산시 493번지 인근,목적지 312번지 인근,010-8263-6893,010-1328-9644,2026-01-07 08:00,90000,정시 도착 요망,운행중
26_712,베뉴,울산시 438번지 인근,목적지 224번지 인근,010-4931-8206,010-6585-6846,2026-01-07 18:45,200000,비대면 전달,완료
26_713,GV420,울산시 478번지 인근,목적지 119번지 인근,010-3513-7750,010-5448-4257,2026-01-06 21:30,160000,없음,완료
26_714,GV430,울산시 15번지 인근,목적지 139번지 인근,010-4940-9055,010-8758-6968,2026-01-08 08:45,80000,없음,완료
26_715,GV440,울산시 318번지 인근,목적지 190번지 인근,010-4623-7766,010-1633-7794,2026-01-08 02:30,240000,정시 도착 요망,운행중
26_716,소나타,울산시 107번지 인근,목적지 319번지 인근,010-6622-5876,010-4488-2286,2026-01-07 00:00,130000,급송 요청,운행중
26_717,그랜저,울산시 12번지 인근,목적지 177번지 인근,010-6202-7903,010-8690-4627,2026-01-06 10:10,110000,없음,운행중
26_718,봉고14톤오토,울산시 266번지 인근,목적지 136번지 인근,010-6071-9744,010-5538-1828,2026-01-07 02:30,160000,비대면 전달,예약
26_719,코란도스포츠,울산시 234번지 인근,목적지 10번지 인근,010-4024-4657,010-9052-5840,2026-01-06 13:45,220000,야간 할증 적용,운행중
26_720,제네시스g340,울산시 381번지 인근,목적지 177번지 인근,010-2041-1963,010-5113-1995,2026-01-07 04:10,170000,정시 도착 요망,예약
26_721,제네시스g350,울산시 347번지 인근,목적지 332번지 인근,010-2882-4480,010-3678-4096,2026-01-06 21:10,80000,정시 도착 요망,완료
26_722,sm18,울산시 459번지 인근,목적지 71번지 인근,010-9366-4302,010-2357-4970,2026-01-07 04:00,170000,정시 도착 요망,완료
26_723,모닝,울산시 280번지 인근,목적지 299번지 인근,010-4309-2721,010-8055-9359,2026-01-08 04:30,160000,차량 내부 청결 유지,대기
26_724,에쿠스,울산시 332번지 인근,목적지 5번지 인근,010-2848-4148,010-6695-9978,2026-01-08 09:30,50000,비대면 전달,예약
26_725,벤츠6750,울산시 173번지 인근,목적지 336번지 인근,010-4845-5904,010-4419-8664,2026-01-06 09:10,160000,차량 내부 청결 유지,대기
26_726,벤츠7000,울산시 281번지 인근,목적지 351번지 인근,010-6230-3869,010-6821-4966,2026-01-07 02:45,100000,야간 할증 적용,운행중
26_727,아우디,울산시 397번지 인근,목적지 3번지 인근,010-1300-6471,010-4919-7478,2026-01-06 12:30,180000,정시 도착 요망,운행중
26_728,BMW,울산시 100번지 인근,목적지 70번지 인근,010-4874-5365,010-2840-9460,2026-01-06 13:00,130000,없음,완료
26_729,EV19,울산시 487번지 인근,목적지 51번지 인근,010-5899-1042,010-2122-9890,2026-01-07 10:30,110000,급송 요청,완료
26_730,코나EV,울산시 16번지 인근,목적지 68번지 인근,010-5527-9333,010-8513-2211,2026-01-07 03:10,130000,급송 요청,완료
26_731,14톤화물EV,울산시 364번지 인근,목적지 133번지 인근,010-8979-2927,010-3382-9122,2026-01-07 17:10,130000,야간 할증 적용,예약
26_732,모델S,울산시 152번지 인근,목적지 221번지 인근,010-7270-6935,010-3110-7973,2026-01-07 11:45,200000,야간 할증 적용,운행중
26_733,모델Y,울산시 165번지 인근,목적지 125번지 인근,010-2803-5203,010-1711-7637,2026-01-07 03:10,170000,급송 요청,완료
26_734,모델X,울산시 171번지 인근,목적지 174번지 인근,010-7273-4699,010-2398-3026,2026-01-07 13:30,220000,없음,대기
26_735,클릭,울산시 408번지 인근,목적지 358번지 인근,010-1429-3865,010-1101-3840,2026-01-06 21:30,240000,정시 도착 요망,예약
26_736,베르나,울산시 461번지 인근,목적지 199번지 인근,010-1458-3147,010-6472-4005,2026-01-07 10:30,140000,정시 도착 요망,완료
26_737,아반떼,울산시 245번지 인근,목적지 455번지 인근,010-6053-3025,010-7571-7140,2026-01-07 16:30,190000,정시 도착 요망,완료
26_738,제네시스쿠페,울산시 310번지 인근,목적지 205번지 인근,010-6331-1667,010-1108-4596,2026-01-07 23:45,70000,급송 요청,예약
26_739,투스카니,울산시 423번지 인근,목적지 265번지 인근,010-9413-8810,010-1665-2348,2026-01-08 01:10,110000,정시 도착 요망,대기
26_740,라비타,울산시 207번지 인근,목적지 405번지 인근,010-1436-6071,010-9938-4206,2026-01-07 12:00,230000,비대면 전달,대기
26_741,트라제XG,울산시 180번지 인근,목적지 270번지 인근,010-7291-1790,010-9643-9991,2026-01-08 02:00,100000,급송 요청,대기
26_742,투싼,울산시 250번지 인근,목적지 229번지 인근,010-9215-5158,010-2832-2846,2026-01-06 23:45,90000,야간 할증 적용,완료
26_743,아이오닉18,울산시 120번지 인근,목적지 398번지 인근,010-5542-1823,010-5085-9897,2026-01-08 07:10,250000,차량 내부 청결 유지,대기
26_744,싼타페,울산시 286번지 인근,목적지 99번지 인근,010-2449-4981,010-3345-5419,2026-01-08 06:30,160000,정시 도착 요망,대기
26_745,넥쏘,울산시 84번지 인근,목적지 60번지 인근,010-7978-7888,010-8187-6786,2026-01-07 17:10,190000,없음,완료
26_746,페리세이드,울산시 392번지 인근,목적지 44번지 인근,010-3027-4306,010-4023-4078,2026-01-07 17:30,130000,야간 할증 적용,예약
26_747,아이오닉19,울산시 429번지 인근,목적지 6번지 인근,010-7719-4988,010-3235-9075,2026-01-06 23:30,250000,없음,운행중
26_748,캐스퍼,울산시 330번지 인근,목적지 428번지 인근,010-7279-9263,010-5866-3182,2026-01-06 09:30,250000,없음,운행중
26_749,스타리아,울산시 217번지 인근,목적지 264번지 인근,010-7070-4804,010-2410-2588,2026-01-07 06:30,170000,비대면 전달,운행중
26_750,포터15,울산시 449번지 인근,목적지 72번지 인근,010-5501-8196,010-1787-9604,2026-01-08 06:10,170000,정시 도착 요망,운행중
26_751,쏠라티,울산시 277번지 인근,목적지 186번지 인근,010-8724-6565,010-9867-7257,2026-01-08 06:10,130000,비대면 전달,대기
26_752,마이티,울산시 170번지 인근,목적지 309번지 인근,010-3907-4587,010-9588-4719,2026-01-07 05:45,110000,비대면 전달,대기
26_753,카운티,울산시 428번지 인근,목적지 153번지 인근,010-8325-4974,010-1749-1015,2026-01-06 22:45,120000,야간 할증 적용,운행중
26_754,큐브,울산시 294번지 인근,목적지 286번지 인근,010-6058-1915,010-7913-8178,2026-01-07 21:30,170000,야간 할증 적용,예약
26_755,피아트,울산시 135번지 인근,목적지 420번지 인근,010-1384-6853,010-8110-9343,2026-01-07 20:00,90000,급송 요청,완료
26_756,폴로,울산시 400번지 인근,목적지 264번지 인근,010-4134-2378,010-5682-8538,2026-01-06 23:30,170000,차량 내부 청결 유지,운행중
26_757,푸조,울산시 449번지 인근,목적지 18번지 인근,010-3239-4934,010-4627-5450,2026-01-07 18:30,240000,차량 내부 청결 유지,완료
26_758,쥬크,울산시 167번지 인근,목적지 460번지 인근,010-9141-4335,010-5235-9515,2026-01-07 07:10,90000,차량 내부 청결 유지,대기
26_759,시빅,울산시 46번지 인근,목적지 3번지 인근,010-1874-9355,010-8767-8359,2026-01-08 03:30,180000,급송 요청,대기
26_760,포커스,울산시 327번지 인근,목적지 270번지 인근,010-3688-3049,010-1904-3916,2026-01-07 23:45,220000,없음,완료
26_761,골프,울산시 397번지 인근,목적지 3번지 인근,010-7178-3650,010-7061-5407,2026-01-07 15:10,70000,차량 내부 청결 유지,완료
26_762,로그,울산시 53번지 인근,목적지 466번지 인근,010-2617-6309,010-9542-7280,2026-01-06 12:30,220000,차량 내부 청결 유지,대기
26_763,프리우스,울산시 345번지 인근,목적지 82번지 인근,010-8080-3184,010-7015-4868,2026-01-07 00:10,210000,야간 할증 적용,완료
26_764,티볼리,울산시 448번지 인근,목적지 236번지 인근,010-6651-3457,010-4229-5096,2026-01-07 08:45,130000,급송 요청,예약
26_765,트랙스,울산시 226번지 인근,목적지 193번지 인근,010-8263-4571,010-8589-5139,2026-01-07 16:00,90000,차량 내부 청결 유지,대기
26_766,스토닉,울산시 176번지 인근,목적지 254번지 인근,010-3260-6925,010-4949-8197,2026-01-07 21:45,50000,정시 도착 요망,대기
26_767,베뉴,울산시 87번지 인근,목적지 426번지 인근,010-1552-6446,010-2373-1532,2026-01-06 16:45,170000,야간 할증 적용,완료
26_768,GV450,울산시 388번지 인근,목적지 392번지 인근,010-4006-5145,010-3044-2825,2026-01-07 08:45,200000,야간 할증 적용,운행중
26_769,GV460,울산시 489번지 인근,목적지 453번지 인근,010-1763-2069,010-3054-3104,2026-01-07 00:00,150000,급송 요청,운행중
26_770,GV470,울산시 410번지 인근,목적지 55번지 인근,010-8905-3339,010-7240-7758,2026-01-06 22:30,210000,비대면 전달,완료
26_771,소나타,울산시 285번지 인근,목적지 283번지 인근,010-6195-7625,010-5565-3175,2026-01-06 10:45,170000,비대면 전달,운행중
26_772,그랜저,울산시 293번지 인근,목적지 491번지 인근,010-5498-4350,010-9023-9762,2026-01-06 10:30,100000,급송 요청,완료
26_773,봉고15톤오토,울산시 249번지 인근,목적지 425번지 인근,010-9812-1382,010-1617-2292,2026-01-08 08:30,70000,없음,완료
26_774,코란도스포츠,울산시 273번지 인근,목적지 123번지 인근,010-3640-7185,010-9045-4474,2026-01-07 11:10,140000,급송 요청,예약
26_775,제네시스g360,울산시 238번지 인근,목적지 450번지 인근,010-2665-8897,010-7113-9827,2026-01-06 20:00,60000,정시 도착 요망,완료
26_776,제네시스g370,울산시 456번지 인근,목적지 489번지 인근,010-1061-9337,010-3823-7928,2026-01-07 03:45,90000,정시 도착 요망,운행중
26_777,sm19,울산시 450번지 인근,목적지 262번지 인근,010-9339-9663,010-6031-6638,2026-01-07 05:45,250000,차량 내부 청결 유지,대기
26_778,모닝,울산시 175번지 인근,목적지 247번지 인근,010-3148-3410,010-7160-2722,2026-01-07 13:45,110000,정시 도착 요망,완료
26_779,에쿠스,울산시 267번지 인근,목적지 275번지 인근,010-6124-8510,010-6877-6813,2026-01-06 12:30,120000,차량 내부 청결 유지,예약
26_780,벤츠7250,울산시 455번지 인근,목적지 473번지 인근,010-4236-1484,010-6113-2152,2026-01-06 11:45,150000,급송 요청,운행중
26_781,벤츠7500,울산시 253번지 인근,목적지 327번지 인근,010-4633-8100,010-1778-7437,2026-01-07 04:30,160000,급송 요청,대기
26_782,아우디,울산시 28번지 인근,목적지 415번지 인근,010-3377-4817,010-8933-4093,2026-01-07 07:00,60000,비대면 전달,운행중
26_783,BMW,울산시 438번지 인근,목적지 317번지 인근,010-1210-2718,010-8872-2242,2026-01-07 23:45,190000,급송 요청,예약
26_784,EV20,울산시 201번지 인근,목적지 476번지 인근,010-1378-7139,010-4214-4769,2026-01-06 10:30,200000,비대면 전달,예약
26_785,코나EV,울산시 193번지 인근,목적지 467번지 인근,010-3675-9479,010-1403-7740,2026-01-07 07:10,110000,정시 도착 요망,대기
26_786,15톤화물EV,울산시 212번지 인근,목적지 278번지 인근,010-5598-3917,010-1039-5960,2026-01-07 00:30,190000,비대면 전달,예약
26_787,모델S,울산시 239번지 인근,목적지 221번지 인근,010-8653-2592,010-5235-2542,2026-01-08 02:00,90000,없음,완료
26_788,모델Y,울산시 413번지 인근,목적지 264번지 인근,010-9533-2362,010-8583-1315,2026-01-07 05:10,160000,야간 할증 적용,대기
26_789,모델X,울산시 25번지 인근,목적지 202번지 인근,010-4695-6373,010-6091-4798,2026-01-07 03:30,120000,야간 할증 적용,대기
26_790,클릭,울산시 436번지 인근,목적지 480번지 인근,010-6215-7903,010-5558-6154,2026-01-07 08:10,250000,없음,예약
26_791,베르나,울산시 422번지 인근,목적지 411번지 인근,010-3979-3357,010-9273-6980,2026-01-07 07:00,220000,정시 도착 요망,대기
26_792,아반떼,울산시 211번지 인근,목적지 255번지 인근,010-7994-5459,010-5324-7130,2026-01-08 00:45,70000,없음,대기
26_793,제네시스쿠페,울산시 71번지 인근,목적지 331번지 인근,010-2058-7758,010-2597-4014,2026-01-07 04:00,140000,정시 도착 요망,예약
26_794,투스카니,울산시 208번지 인근,목적지 94번지 인근,010-3312-7442,010-3244-8368,2026-01-07 12:45,90000,차량 내부 청결 유지,예약
26_795,라비타,울산시 397번지 인근,목적지 188번지 인근,010-9766-1339,010-4473-3066,2026-01-07 17:00,220000,야간 할증 적용,운행중
26_796,트라제XG,울산시시 47번지 인근,목적지 348번지 인근,010-2916-3289,010-9879-4467,2026-01-07 06:00,120000,없음,운행중
26_797,투싼,울산시시 118번지 인근,목적지 471번지 인근,010-7436-8477,010-2472-6087,2026-01-06 21:30,160000,비대면 전달,완료
26_798,아이오닉19,울산시시 471번지 인근,목적지 85번지 인근,010-4868-7936,010-2119-9162,2026-01-07 07:45,130000,급송 요청,운행중
26_799,싼타페,울산시 171번지 인근,목적지 42번지 인근,010-4159-1669,010-5573-9871,2026-01-07 16:00,210000,정시 도착 요망,예약
26_800,넥쏘,울산시시 35번지 인근,목적지 249번지 인근,010-8140-5439,010-6673-6674,2026-01-07 20:00,80000,비대면 전달,완료
26_801,페리세이드,경상북도 문경시 중앙9길 13,경기도 덕양구 북한산로 430,010-2975-8891,010-2975-8891,2026-01-06 17:24,150000,도착전 연락주세요,
26_802,아이오닉20,경상북도 문경시 중앙9길 13,경기도 덕양구 북한산로 430,010-2975-8891,010-2975-8891,2026-01-06 18:14,140000,냉각수 체크,
26_803,캐스퍼,경상북도 문경시 문경읍 새재로 458,경기도 덕양구 북한산로 430,010-2975-8891,010-2975-8891,2026-01-07 17:26,120000,안전배송,
26_804,스타리아,경상남도 창원시 마산합포구 진동면 삼진의거대로 559-1,경북 문경시 중앙9길 13,055-271-5959,055-271-5959,2026-01-08 09:47,120000,,대기
26_805,포터16,경상남도 하동군 양보면 통정리 267,경남 창원시 마산합포구 진동면 삼진의거대로 559-1,055-271-5959,055-271-5959,2026-01-08 09:51,60000,,대기
26_806,쏠라티,전남 여수시 율촌면 서부로 1164,인천시광역시 연수구 해돋이로120번길 23,061-692-1314,0507-1390-8330,2026-01-08 09:54,150000,,대기
26_807,마이티,전남 여수시 돌산읍 돌산로 2940,인천시광역시 연수구 해돋이로120번길 23,0507-1369-8677,0507-1390-8330,2026-01-08 09:56,140000,,대기
26_808,카운티,전북특별자치도 김제시 금구면 오봉로 127,인천시광역시 연수구 해돋이로120번길 23,0507-1418-4565,0507-1329-8814,2026-01-08 09:58,110000,,대기
26_809,큐브,전북특별자치도 김제시 검산택지5길 47 중고자동차,인천시광역시 연수구 해돋이로120번길 23,0507-1412-0174,0507-1390-8330,2026-01-08 10:00,120000,,대기
26_810,피아트,"충북 진천군 덕산읍 시가로 25 106, 107호",인천시광역시 연수구 해돋이로120번길 23,0507-1407-9668,0507-1390-8330,2026-01-08 10:02,100000,,대기
26_811,폴로,충북 괴산군 불정면 한불로 1216,인천시광역시 연수구 인천시타워대로 99 305호,0507-1356-4460,0507-1329-8814,2026-01-08 10:03,80000,,대기
26_812,푸조,충북 충주시 수안보면 미륵송계로 105,인천시광역시 연수구 인천시타워대로 99 305호,0507-1431-1757,0507-1329-8814,2026-01-08 10:06,90000,,대기
26_813,쥬크,충남 천안시 동남구 통정6로 29 수림정,인천시광역시 연수구 인천시타워대로 99 305호,0507-1340-0201,0507-1329-8814,2026-01-08 10:07,120000,,대기
26_814,시빅,충남 아산시 배방읍 갈매길 159-39,인천시광역시 연수구 인천시타워대로 99 305호 송도중고,041-546-3669,0507-1329-8814,2026-01-08 10:08,130000,,대기
26_815,포커스,강원 홍천군 서면 한치골길 771,인천시광역시 연수구 인천시타워대로 99 305호 송도중고,033-432-4333,0507-1329-8814,2026-01-08 10:10,100000,,대기
26_816,골프,강원 고성군 토성면 아야진해변길 80,인천시광역시 연수구 인천시타워대로 99 305호,033-632-5935,0507-1329-8814,2026-01-08 10:10,110000,,대기
26_817,코란도스포츠,경상북도 문경시 중앙9길 13,경기도 덕양구 북한산로 430,010-2975-8891,010-2975-8891,2026-01-09 15:04,150000,,대기
